Classifier,Dataset,Fit-Time,Predict-Time
Hydra,ACSF1,5.65,5.46
Hydra,Adiac,1.5,1.2
Hydra,ArrowHead,0.21,1.08
Hydra,Beef,0.51,0.39
Hydra,BeetleFly,0.36,0.31
Hydra,BirdChicken,0.4,0.31
Hydra,BME,0.14,0.36
Hydra,Car,1.24,1.15
Hydra,CBF,0.09,2.2
Hydra,Chinatown,0.05,0.09
Hydra,ChlorineConcentration,2.45,17.39
Hydra,CinCECGTorso,2.61,85.95
Hydra,Coffee,0.29,0.23
Hydra,Computers,5.5,5.73
Hydra,CricketX,3.58,3.48
Hydra,CricketY,3.78,3.55
Hydra,CricketZ,3.77,3.58
Hydra,Crop,89.04,11.69
Hydra,DiatomSizeReduction,0.23,3.06
Hydra,DistalPhalanxOutlineAgeGroup,0.82,0.19
Hydra,DistalPhalanxOutlineCorrect,1.27,0.38
Hydra,DistalPhalanxTW,0.85,0.26
Hydra,Earthquakes,5.05,2.07
Hydra,ECG200,0.25,0.18
Hydra,ECG5000,2.09,16.43
Hydra,ECGFiveDays,0.11,2.76
Hydra,ElectricDevices,181.28,13.19
Hydra,EOGHorizontalSignal,18.11,17.66
Hydra,EOGVerticalSignal,18.44,18.12
Hydra,EthanolLevel,35.72,32.68
Hydra,FaceAll,2.55,6.2
Hydra,FaceFour,0.33,0.97
Hydra,FacesUCR,0.84,7.39
Hydra,FiftyWords,3.39,3.39
Hydra,Fish,2.32,2.19
Hydra,FordA,75.09,17.69
Hydra,FordB,87.7,12.51
Hydra,FreezerRegularTrain,1.42,25.13
Hydra,FreezerSmallTrain,0.29,25.26
Hydra,GunPoint,0.21,0.53
Hydra,GunPointAgeSpan,0.52,1.1
Hydra,GunPointMaleVersusFemale,0.6,1.18
Hydra,GunPointOldVersusYoung,0.5,1.07
Hydra,Ham,1.61,1.51
Hydra,HandOutlines,93.05,36.26
Hydra,Haptics,5.77,11.12
Hydra,Herring,0.93,0.93
Hydra,HouseTwenty,3.25,8.85
Hydra,InlineSkate,6.5,31.78
Hydra,InsectEPGRegularTrain,1.35,5.36
Hydra,InsectEPGSmallTrain,0.34,5.07
Hydra,InsectWingbeatSound,1.39,11.09
Hydra,ItalyPowerDemand,0.03,0.24
Hydra,LargeKitchenAppliances,7.86,7.41
Hydra,Lightning2,1.32,1.33
Hydra,Lightning7,0.64,0.63
Hydra,Mallat,1.67,65.28
Hydra,Meat,0.73,0.71
Hydra,MedicalImages,0.89,1.41
Hydra,MiddlePhalanxOutlineAgeGroup,0.58,0.21
Hydra,MiddlePhalanxOutlineCorrect,1.28,0.38
Hydra,MiddlePhalanxTW,0.68,0.2
Hydra,MixedShapesRegularTrain,17.34,73.77
Hydra,MixedShapesSmallTrain,2.98,68.59
Hydra,MoteStrain,0.05,2.03
Hydra,NonInvasiveFetalECGThorax1,46.59,46.41
Hydra,NonInvasiveFetalECGThorax2,45.95,45.96
Hydra,OliveOil,0.69,0.67
Hydra,OSULeaf,2.74,3.12
Hydra,PhalangesOutlinesCorrect,6.47,1.2
Hydra,Phoneme,7.52,59.66
Hydra,PickupGestureWiimoteZ,0.56,0.53
Hydra,PigAirwayPressure,7.22,14.88
Hydra,PigArtPressure,7.86,13.96
Hydra,PigCVP,6.91,12.78
Hydra,Plane,0.38,0.35
Hydra,PowerCons,0.61,0.59
Hydra,ProximalPhalanxOutlineAgeGroup,0.79,0.26
Hydra,ProximalPhalanxOutlineCorrect,1.14,0.37
Hydra,ProximalPhalanxTW,0.76,0.3
Hydra,RefrigerationDevices,8.75,8.5
Hydra,Rock,2.13,5.5
Hydra,ScreenType,7.69,7.27
Hydra,SemgHandGenderCh2,17.54,29.66
Hydra,SemgHandMovementCh2,28.52,26.45
Hydra,SemgHandSubjectCh2,24.85,21.53
Hydra,ShakeGestureWiimoteZ,0.57,0.52
Hydra,ShapeletSim,0.29,2.68
Hydra,ShapesAll,9.04,7.65
Hydra,SmallKitchenAppliances,7.68,7.35
Hydra,SmoothSubspace,0.04,0.01
Hydra,SonyAIBORobotSurface1,0.04,0.69
Hydra,SonyAIBORobotSurface2,0.05,1.22
Hydra,StarLightCurves,27.47,188.28
Hydra,Strawberry,3.37,1.92
Hydra,SwedishLeaf,1.1,1.4
Hydra,Symbols,0.21,10.4
Hydra,SyntheticControl,0.41,0.27
Hydra,ToeSegmentation1,0.25,1.51
Hydra,ToeSegmentation2,0.36,1.26
Hydra,Trace,0.75,0.7
Hydra,TwoLeadECG,0.09,1.75
Hydra,TwoPatterns,3.45,9.41
Hydra,UMD,0.15,0.52
Hydra,UWaveGestureLibraryAll,26.18,94.33
Hydra,UWaveGestureLibraryX,7.98,29.72
Hydra,UWaveGestureLibraryY,9.09,25.75
Hydra,UWaveGestureLibraryZ,8.58,30.62
Hydra,Wafer,4.76,22.04
Hydra,Wine,0.32,0.27
Hydra,WordSynonyms,2.05,4.36
Hydra,Worms,5.19,2.39
Hydra,WormsTwoClass,5.57,2.22
Hydra,Yoga,2.98,26.16
R_DST,ACSF1,45.6,33.48
R_DST,Adiac,18.71,15.91
R_DST,ArrowHead,3.3,10.57
R_DST,Beef,5.61,2.83
R_DST,BeetleFly,3.62,2.12
R_DST,BirdChicken,4.32,2.86
R_DST,BME,1.53,3.75
R_DST,Car,9.16,9.78
R_DST,CBF,1.7,26.66
R_DST,Chinatown,0.3,1.33
R_DST,ChlorineConcentration,18.0,111.16
R_DST,CinCECGTorso,19.44,451.41
R_DST,Coffee,2.89,1.73
R_DST,Computers,45.37,33.48
R_DST,CricketX,23.75,20.31
R_DST,CricketY,23.29,23.41
R_DST,CricketZ,32.33,21.7
R_DST,Crop,347.51,120.5
R_DST,DiatomSizeReduction,3.11,23.26
R_DST,DistalPhalanxOutlineAgeGroup,6.93,1.87
R_DST,DistalPhalanxOutlineCorrect,12.35,4.2
R_DST,DistalPhalanxTW,9.63,2.92
R_DST,Earthquakes,36.28,12.77
R_DST,ECG200,3.21,2.21
R_DST,ECG5000,13.35,111.92
R_DST,ECGFiveDays,0.95,26.22
R_DST,ElectricDevices,608.49,102.08
R_DST,EOGHorizontalSignal,96.01,81.35
R_DST,EOGVerticalSignal,107.67,87.96
R_DST,EthanolLevel,204.46,165.58
R_DST,FaceAll,13.69,34.0
R_DST,FaceFour,2.11,4.78
R_DST,FacesUCR,5.48,41.82
R_DST,FiftyWords,20.5,19.5
R_DST,Fish,15.04,13.26
R_DST,FordA,342.33,104.69
R_DST,FordB,357.78,64.41
R_DST,FreezerRegularTrain,8.29,129.92
R_DST,FreezerSmallTrain,2.19,136.89
R_DST,GunPoint,1.56,3.27
R_DST,GunPointAgeSpan,4.03,7.16
R_DST,GunPointMaleVersusFemale,3.53,6.96
R_DST,GunPointOldVersusYoung,5.02,12.69
R_DST,Ham,8.07,6.82
R_DST,HandOutlines,606.22,217.32
R_DST,Haptics,38.32,64.82
R_DST,Herring,6.54,5.52
R_DST,HouseTwenty,32.47,60.71
R_DST,InlineSkate,44.05,219.78
R_DST,InsectEPGRegularTrain,7.65,31.07
R_DST,InsectEPGSmallTrain,3.02,26.66
R_DST,InsectWingbeatSound,9.52,78.52
R_DST,ItalyPowerDemand,0.5,3.74
R_DST,LargeKitchenAppliances,51.2,47.96
R_DST,Lightning2,11.03,11.13
R_DST,Lightning7,4.19,3.55
R_DST,Mallat,11.93,415.2
R_DST,Meat,5.08,4.01
R_DST,MedicalImages,8.74,14.92
R_DST,MiddlePhalanxOutlineAgeGroup,5.62,2.02
R_DST,MiddlePhalanxOutlineCorrect,8.81,3.22
R_DST,MiddlePhalanxTW,8.22,1.89
R_DST,MixedShapesRegularTrain,92.89,417.96
R_DST,MixedShapesSmallTrain,22.04,428.25
R_DST,MoteStrain,0.55,15.09
R_DST,NonInvasiveFetalECGThorax1,243.58,238.71
R_DST,NonInvasiveFetalECGThorax2,234.47,241.95
R_DST,OliveOil,6.68,4.33
R_DST,OSULeaf,14.42,15.83
R_DST,PhalangesOutlinesCorrect,34.38,10.27
R_DST,Phoneme,46.12,327.36
R_DST,PickupGestureWiimoteZ,3.5,3.11
R_DST,PigAirwayPressure,47.43,81.16
R_DST,PigArtPressure,55.65,103.05
R_DST,PigCVP,47.56,89.71
R_DST,Plane,2.93,2.22
R_DST,PowerCons,5.31,3.87
R_DST,ProximalPhalanxOutlineAgeGroup,5.43,2.27
R_DST,ProximalPhalanxOutlineCorrect,8.19,3.19
R_DST,ProximalPhalanxTW,5.86,2.4
R_DST,RefrigerationDevices,45.69,43.8
R_DST,Rock,17.6,29.42
R_DST,ScreenType,45.9,42.47
R_DST,SemgHandGenderCh2,83.32,159.06
R_DST,SemgHandMovementCh2,124.9,121.38
R_DST,SemgHandSubjectCh2,127.36,124.0
R_DST,ShakeGestureWiimoteZ,3.89,3.01
R_DST,ShapeletSim,2.6,14.22
R_DST,ShapesAll,49.41,48.26
R_DST,SmallKitchenAppliances,46.22,44.05
R_DST,SmoothSubspace,0.53,0.26
R_DST,SonyAIBORobotSurface1,0.36,5.77
R_DST,SonyAIBORobotSurface2,0.42,8.26
R_DST,StarLightCurves,192.0,1302.21
R_DST,Strawberry,22.5,12.27
R_DST,SwedishLeaf,10.35,11.15
R_DST,Symbols,2.5,58.03
R_DST,SyntheticControl,5.52,3.76
R_DST,ToeSegmentation1,2.35,9.18
R_DST,ToeSegmentation2,2.49,6.57
R_DST,Trace,4.66,4.15
R_DST,TwoLeadECG,0.47,13.23
R_DST,TwoPatterns,21.8,73.07
R_DST,UMD,1.13,3.08
R_DST,UWaveGestureLibraryAll,146.21,530.28
R_DST,UWaveGestureLibraryX,45.54,163.6
R_DST,UWaveGestureLibraryY,54.27,162.81
R_DST,UWaveGestureLibraryZ,45.48,162.7
R_DST,Wafer,24.64,128.23
R_DST,Wine,2.46,1.81
R_DST,WordSynonyms,12.24,25.0
R_DST,Worms,29.37,11.05
R_DST,WormsTwoClass,29.3,11.16
R_DST,Yoga,20.37,187.31
Rocket,ACSF1,63.68,55.52
Rocket,Adiac,22.1,20.87
Rocket,ArrowHead,3.34,20.77
Rocket,Beef,4.37,6.38
Rocket,BeetleFly,4.98,4.93
Rocket,BirdChicken,3.93,3.59
Rocket,BME,1.47,6.53
Rocket,Car,15.9,12.29
Rocket,CBF,1.76,35.89
Rocket,Chinatown,0.54,2.98
Rocket,ChlorineConcentration,27.86,191.15
Rocket,CinCECGTorso,24.77,837.46
Rocket,Coffee,4.14,3.63
Rocket,Computers,57.49,60.95
Rocket,CricketX,41.87,41.73
Rocket,CricketY,43.54,37.64
Rocket,CricketZ,41.62,36.09
Rocket,Crop,359.56,191.68
Rocket,DiatomSizeReduction,2.38,35.64
Rocket,DistalPhalanxOutlineAgeGroup,15.91,3.92
Rocket,DistalPhalanxOutlineCorrect,15.62,6.37
Rocket,DistalPhalanxTW,13.86,3.61
Rocket,Earthquakes,51.26,19.81
Rocket,ECG200,3.96,3.26
Rocket,ECG5000,23.76,172.36
Rocket,ECGFiveDays,1.18,35.2
Rocket,ElectricDevices,652.59,191.25
Rocket,EOGHorizontalSignal,130.49,121.42
Rocket,EOGVerticalSignal,152.47,143.24
Rocket,EthanolLevel,269.13,253.71
Rocket,FaceAll,22.39,60.5
Rocket,FaceFour,2.72,8.95
Rocket,FacesUCR,7.7,74.03
Rocket,FiftyWords,32.84,33.77
Rocket,Fish,21.55,21.46
Rocket,FordA,533.78,173.18
Rocket,FordB,565.76,103.67
Rocket,FreezerRegularTrain,12.45,239.2
Rocket,FreezerSmallTrain,2.41,239.67
Rocket,GunPoint,2.13,6.45
Rocket,GunPointAgeSpan,5.76,14.48
Rocket,GunPointMaleVersusFemale,5.53,12.2
Rocket,GunPointOldVersusYoung,5.55,11.84
Rocket,Ham,15.03,13.59
Rocket,HandOutlines,830.25,256.98
Rocket,Haptics,50.94,95.66
Rocket,Herring,9.08,8.85
Rocket,HouseTwenty,22.78,68.75
Rocket,InlineSkate,53.62,286.71
Rocket,InsectEPGRegularTrain,10.85,42.16
Rocket,InsectEPGSmallTrain,3.12,39.06
Rocket,InsectWingbeatSound,14.97,127.62
Rocket,ItalyPowerDemand,0.72,7.81
Rocket,LargeKitchenAppliances,74.26,75.69
Rocket,Lightning2,10.55,10.52
Rocket,Lightning7,6.71,6.65
Rocket,Mallat,15.1,645.37
Rocket,Meat,11.96,7.67
Rocket,MedicalImages,14.94,19.98
Rocket,MiddlePhalanxOutlineAgeGroup,8.91,3.24
Rocket,MiddlePhalanxOutlineCorrect,15.89,10.5
Rocket,MiddlePhalanxTW,8.81,3.19
Rocket,MixedShapesRegularTrain,136.18,637.03
Rocket,MixedShapesSmallTrain,29.04,633.13
Rocket,MoteStrain,1.17,31.25
Rocket,NonInvasiveFetalECGThorax1,370.32,375.01
Rocket,NonInvasiveFetalECGThorax2,414.5,404.09
Rocket,OliveOil,6.38,5.48
Rocket,OSULeaf,22.33,27.5
Rocket,PhalangesOutlinesCorrect,47.86,18.21
Rocket,Phoneme,62.73,597.7
Rocket,PickupGestureWiimoteZ,5.12,5.74
Rocket,PigAirwayPressure,59.22,109.3
Rocket,PigArtPressure,59.33,110.2
Rocket,PigCVP,59.29,110.09
Rocket,Plane,4.01,5.58
Rocket,PowerCons,10.05,6.8
Rocket,ProximalPhalanxOutlineAgeGroup,8.83,4.4
Rocket,ProximalPhalanxOutlineCorrect,13.23,5.88
Rocket,ProximalPhalanxTW,10.71,4.2
Rocket,RefrigerationDevices,72.95,73.3
Rocket,Rock,14.93,44.91
Rocket,ScreenType,67.88,68.54
Rocket,SemgHandGenderCh2,118.38,239.98
Rocket,SemgHandMovementCh2,183.66,188.62
Rocket,SemgHandSubjectCh2,190.16,179.29
Rocket,ShakeGestureWiimoteZ,5.12,4.86
Rocket,ShapeletSim,2.67,22.35
Rocket,ShapesAll,76.7,75.28
Rocket,SmallKitchenAppliances,68.2,69.13
Rocket,SmoothSubspace,0.95,0.73
Rocket,SonyAIBORobotSurface1,0.61,10.56
Rocket,SonyAIBORobotSurface2,0.66,15.1
Rocket,StarLightCurves,289.42,1955.02
Rocket,Strawberry,36.44,22.48
Rocket,SwedishLeaf,16.57,19.51
Rocket,Symbols,2.94,102.55
Rocket,SyntheticControl,5.22,4.84
Rocket,ToeSegmentation1,2.98,15.86
Rocket,ToeSegmentation2,3.28,11.43
Rocket,Trace,7.37,7.28
Rocket,TwoLeadECG,1.27,33.17
Rocket,TwoPatterns,34.31,123.42
Rocket,UMD,1.56,5.4
Rocket,UWaveGestureLibraryAll,284.75,786.3
Rocket,UWaveGestureLibraryX,80.77,272.48
Rocket,UWaveGestureLibraryY,82.3,271.74
Rocket,UWaveGestureLibraryZ,79.38,270.35
Rocket,Wafer,41.39,223.84
Rocket,Wine,3.6,3.29
Rocket,WordSynonyms,18.33,41.82
Rocket,Worms,41.06,17.31
Rocket,WormsTwoClass,41.8,17.31
Rocket,Yoga,31.73,308.97
MiniRocket,ACSF1,4.79,4.18
MiniRocket,Adiac,1.81,1.32
MiniRocket,ArrowHead,0.45,1.15
MiniRocket,Beef,0.72,0.59
MiniRocket,BeetleFly,0.69,0.5
MiniRocket,BirdChicken,0.44,0.32
MiniRocket,BME,0.34,0.51
MiniRocket,Car,1.15,0.91
MiniRocket,CBF,0.33,2.58
MiniRocket,Chinatown,0.29,0.36
MiniRocket,ChlorineConcentration,2.49,18.93
MiniRocket,CinCECGTorso,2.03,49.27
MiniRocket,Coffee,0.59,0.47
MiniRocket,Computers,4.87,4.02
MiniRocket,CricketX,3.24,2.6
MiniRocket,CricketY,4.4,3.46
MiniRocket,CricketZ,3.16,2.78
MiniRocket,Crop,232.29,14.63
MiniRocket,DiatomSizeReduction,0.45,2.67
MiniRocket,DistalPhalanxOutlineAgeGroup,1.75,0.52
MiniRocket,DistalPhalanxOutlineCorrect,2.51,0.78
MiniRocket,DistalPhalanxTW,1.24,0.31
MiniRocket,Earthquakes,4.03,1.6
MiniRocket,ECG200,0.65,0.45
MiniRocket,ECG5000,3.01,13.19
MiniRocket,ECGFiveDays,0.25,2.58
MiniRocket,ElectricDevices,388.91,13.34
MiniRocket,EOGHorizontalSignal,10.49,10.8
MiniRocket,EOGVerticalSignal,11.81,10.07
MiniRocket,EthanolLevel,20.34,24.29
MiniRocket,FaceAll,2.13,4.05
MiniRocket,FaceFour,0.64,1.14
MiniRocket,FacesUCR,0.74,4.98
MiniRocket,FiftyWords,3.04,2.47
MiniRocket,Fish,2.4,1.94
MiniRocket,FordA,76.07,13.52
MiniRocket,FordB,69.48,7.53
MiniRocket,FreezerRegularTrain,1.07,16.9
MiniRocket,FreezerSmallTrain,0.5,17.82
MiniRocket,GunPoint,0.32,0.48
MiniRocket,GunPointAgeSpan,0.6,0.9
MiniRocket,GunPointMaleVersusFemale,1.0,0.95
MiniRocket,GunPointOldVersusYoung,0.63,1.02
MiniRocket,Ham,1.26,1.04
MiniRocket,HandOutlines,53.0,19.07
MiniRocket,Haptics,3.66,6.46
MiniRocket,Herring,0.81,0.67
MiniRocket,HouseTwenty,2.14,4.62
MiniRocket,InlineSkate,4.14,19.98
MiniRocket,InsectEPGRegularTrain,1.03,2.74
MiniRocket,InsectEPGSmallTrain,0.43,2.83
MiniRocket,InsectWingbeatSound,1.4,9.16
MiniRocket,ItalyPowerDemand,0.36,0.65
MiniRocket,LargeKitchenAppliances,5.32,4.95
MiniRocket,Lightning2,1.03,0.82
MiniRocket,Lightning7,0.68,0.5
MiniRocket,Mallat,1.37,47.7
MiniRocket,Meat,0.77,0.71
MiniRocket,MedicalImages,1.09,1.36
MiniRocket,MiddlePhalanxOutlineAgeGroup,1.02,0.3
MiniRocket,MiddlePhalanxOutlineCorrect,1.81,0.48
MiniRocket,MiddlePhalanxTW,1.03,0.4
MiniRocket,MixedShapesRegularTrain,10.81,47.84
MiniRocket,MixedShapesSmallTrain,2.37,49.71
MiniRocket,MoteStrain,0.21,2.17
MiniRocket,NonInvasiveFetalECGThorax1,34.47,28.38
MiniRocket,NonInvasiveFetalECGThorax2,33.39,30.48
MiniRocket,OliveOil,0.98,0.73
MiniRocket,OSULeaf,1.87,2.07
MiniRocket,PhalangesOutlinesCorrect,8.55,1.43
MiniRocket,Phoneme,4.98,36.86
MiniRocket,PickupGestureWiimoteZ,0.55,0.47
MiniRocket,PigAirwayPressure,4.61,7.99
MiniRocket,PigArtPressure,4.23,9.03
MiniRocket,PigCVP,4.37,7.67
MiniRocket,Plane,0.55,0.44
MiniRocket,PowerCons,0.7,0.53
MiniRocket,ProximalPhalanxOutlineAgeGroup,1.43,0.36
MiniRocket,ProximalPhalanxOutlineCorrect,1.6,0.48
MiniRocket,ProximalPhalanxTW,1.0,0.38
MiniRocket,RefrigerationDevices,5.21,4.79
MiniRocket,Rock,1.61,2.68
MiniRocket,ScreenType,5.22,4.78
MiniRocket,SemgHandGenderCh2,8.77,17.26
MiniRocket,SemgHandMovementCh2,13.32,12.63
MiniRocket,SemgHandSubjectCh2,12.9,12.1
MiniRocket,ShakeGestureWiimoteZ,0.57,0.43
MiniRocket,ShapeletSim,0.43,1.68
MiniRocket,ShapesAll,6.53,5.54
MiniRocket,SmallKitchenAppliances,5.61,5.04
MiniRocket,SmoothSubspace,0.3,0.15
MiniRocket,SonyAIBORobotSurface1,0.19,0.79
MiniRocket,SonyAIBORobotSurface2,0.2,1.08
MiniRocket,StarLightCurves,20.55,160.51
MiniRocket,Strawberry,3.32,1.58
MiniRocket,SwedishLeaf,1.79,1.5
MiniRocket,Symbols,0.39,6.92
MiniRocket,SyntheticControl,0.66,0.38
MiniRocket,ToeSegmentation1,0.39,1.17
MiniRocket,ToeSegmentation2,0.45,0.87
MiniRocket,Trace,0.7,0.56
MiniRocket,TwoLeadECG,0.21,1.68
MiniRocket,TwoPatterns,4.12,8.8
MiniRocket,UMD,0.27,0.45
MiniRocket,UWaveGestureLibraryAll,17.33,60.62
MiniRocket,UWaveGestureLibraryX,6.38,19.59
MiniRocket,UWaveGestureLibraryY,6.5,19.45
MiniRocket,UWaveGestureLibraryZ,6.34,19.5
MiniRocket,Wafer,4.85,16.65
MiniRocket,Wine,0.44,0.35
MiniRocket,WordSynonyms,1.73,3.32
MiniRocket,Worms,3.28,1.3
MiniRocket,WormsTwoClass,3.47,1.4
MiniRocket,Yoga,2.67,22.1
MrSQM_SFA_k5,ACSF1,52.77,28.86
MrSQM_SFA_k5,Adiac,110.83,10.18
MrSQM_SFA_k5,ArrowHead,4.98,6.06
MrSQM_SFA_k5,Beef,6.19,2.31
MrSQM_SFA_k5,BeetleFly,5.79,1.61
MrSQM_SFA_k5,BirdChicken,6.02,1.6
MrSQM_SFA_k5,BME,3.49,2.48
MrSQM_SFA_k5,Car,10.74,5.22
MrSQM_SFA_k5,CBF,2.92,14.24
MrSQM_SFA_k5,Chinatown,1.75,0.92
MrSQM_SFA_k5,ChlorineConcentration,44.42,85.85
MrSQM_SFA_k5,CinCECGTorso,21.32,426.15
MrSQM_SFA_k5,Coffee,4.37,1.14
MrSQM_SFA_k5,Computers,52.65,33.64
MrSQM_SFA_k5,CricketX,47.87,17.52
MrSQM_SFA_k5,CricketY,48.87,15.81
MrSQM_SFA_k5,CricketZ,46.23,16.07
MrSQM_SFA_k5,Crop,1739.1,81.76
MrSQM_SFA_k5,DiatomSizeReduction,3.69,16.41
MrSQM_SFA_k5,DistalPhalanxOutlineAgeGroup,16.34,1.46
MrSQM_SFA_k5,DistalPhalanxOutlineCorrect,22.58,2.81
MrSQM_SFA_k5,DistalPhalanxTW,19.73,1.32
MrSQM_SFA_k5,Earthquakes,47.46,11.45
MrSQM_SFA_k5,ECG200,4.59,1.11
MrSQM_SFA_k5,ECG5000,35.54,80.52
MrSQM_SFA_k5,ECGFiveDays,3.21,15.27
MrSQM_SFA_k5,ElectricDevices,5033.57,97.81
MrSQM_SFA_k5,EOGHorizontalSignal,150.27,77.22
MrSQM_SFA_k5,EOGVerticalSignal,159.43,81.64
MrSQM_SFA_k5,EthanolLevel,264.12,176.64
MrSQM_SFA_k5,FaceAll,35.73,27.27
MrSQM_SFA_k5,FaceFour,4.49,4.75
MrSQM_SFA_k5,FacesUCR,14.72,35.49
MrSQM_SFA_k5,FiftyWords,171.74,15.99
MrSQM_SFA_k5,Fish,27.89,13.19
MrSQM_SFA_k5,FordA,543.66,107.1
MrSQM_SFA_k5,FordB,673.89,67.42
MrSQM_SFA_k5,FreezerRegularTrain,13.73,129.57
MrSQM_SFA_k5,FreezerSmallTrain,5.14,138.85
MrSQM_SFA_k5,GunPoint,4.65,3.17
MrSQM_SFA_k5,GunPointAgeSpan,7.82,5.79
MrSQM_SFA_k5,GunPointMaleVersusFemale,8.55,6.18
MrSQM_SFA_k5,GunPointOldVersusYoung,7.91,6.27
MrSQM_SFA_k5,Ham,14.33,6.95
MrSQM_SFA_k5,HandOutlines,782.72,207.53
MrSQM_SFA_k5,Haptics,51.04,63.04
MrSQM_SFA_k5,Herring,11.53,5.47
MrSQM_SFA_k5,HouseTwenty,24.03,43.8
MrSQM_SFA_k5,InlineSkate,55.82,186.86
MrSQM_SFA_k5,InsectEPGRegularTrain,11.77,24.43
MrSQM_SFA_k5,InsectEPGSmallTrain,5.05,23.49
MrSQM_SFA_k5,InsectWingbeatSound,26.19,77.6
MrSQM_SFA_k5,ItalyPowerDemand,2.28,2.69
MrSQM_SFA_k5,LargeKitchenAppliances,87.85,54.95
MrSQM_SFA_k5,Lightning2,12.38,6.25
MrSQM_SFA_k5,Lightning7,9.34,3.3
MrSQM_SFA_k5,Mallat,19.05,414.7
MrSQM_SFA_k5,Meat,9.68,4.48
MrSQM_SFA_k5,MedicalImages,36.83,8.34
MrSQM_SFA_k5,MiddlePhalanxOutlineAgeGroup,18.71,1.61
MrSQM_SFA_k5,MiddlePhalanxOutlineCorrect,21.92,3.12
MrSQM_SFA_k5,MiddlePhalanxTW,27.17,1.45
MrSQM_SFA_k5,MixedShapesRegularTrain,150.09,443.05
MrSQM_SFA_k5,MixedShapesSmallTrain,30.06,398.56
MrSQM_SFA_k5,MoteStrain,2.85,13.96
MrSQM_SFA_k5,NonInvasiveFetalECGThorax1,984.0,243.94
MrSQM_SFA_k5,NonInvasiveFetalECGThorax2,873.92,232.47
MrSQM_SFA_k5,OliveOil,7.19,2.96
MrSQM_SFA_k5,OSULeaf,25.93,16.48
MrSQM_SFA_k5,PhalangesOutlinesCorrect,117.37,8.69
MrSQM_SFA_k5,Phoneme,122.24,312.64
MrSQM_SFA_k5,PickupGestureWiimoteZ,7.91,2.8
MrSQM_SFA_k5,PigAirwayPressure,90.86,80.95
MrSQM_SFA_k5,PigArtPressure,78.93,80.56
MrSQM_SFA_k5,PigCVP,76.07,81.21
MrSQM_SFA_k5,Plane,7.56,2.15
MrSQM_SFA_k5,PowerCons,9.72,3.49
MrSQM_SFA_k5,ProximalPhalanxOutlineAgeGroup,16.61,2.05
MrSQM_SFA_k5,ProximalPhalanxOutlineCorrect,32.34,2.96
MrSQM_SFA_k5,ProximalPhalanxTW,20.29,2.15
MrSQM_SFA_k5,RefrigerationDevices,82.78,45.47
MrSQM_SFA_k5,Rock,18.36,28.06
MrSQM_SFA_k5,ScreenType,88.59,43.35
MrSQM_SFA_k5,SemgHandGenderCh2,131.93,177.75
MrSQM_SFA_k5,SemgHandMovementCh2,190.58,123.81
MrSQM_SFA_k5,SemgHandSubjectCh2,189.84,121.6
MrSQM_SFA_k5,ShakeGestureWiimoteZ,9.31,2.85
MrSQM_SFA_k5,ShapeletSim,6.23,14.01
MrSQM_SFA_k5,ShapesAll,275.9,46.14
MrSQM_SFA_k5,SmallKitchenAppliances,79.84,48.92
MrSQM_SFA_k5,SmoothSubspace,2.73,0.23
MrSQM_SFA_k5,SonyAIBORobotSurface1,2.13,4.56
MrSQM_SFA_k5,SonyAIBORobotSurface2,2.52,7.43
MrSQM_SFA_k5,StarLightCurves,287.74,1484.31
MrSQM_SFA_k5,Strawberry,46.9,13.17
MrSQM_SFA_k5,SwedishLeaf,57.78,11.67
MrSQM_SFA_k5,Symbols,5.07,66.59
MrSQM_SFA_k5,SyntheticControl,10.49,2.02
MrSQM_SFA_k5,ToeSegmentation1,6.35,9.66
MrSQM_SFA_k5,ToeSegmentation2,6.18,6.31
MrSQM_SFA_k5,Trace,9.84,4.1
MrSQM_SFA_k5,TwoLeadECG,2.71,12.54
MrSQM_SFA_k5,TwoPatterns,63.48,57.53
MrSQM_SFA_k5,UMD,3.53,2.91
MrSQM_SFA_k5,UWaveGestureLibraryAll,243.98,538.43
MrSQM_SFA_k5,UWaveGestureLibraryX,175.88,173.55
MrSQM_SFA_k5,UWaveGestureLibraryY,166.06,182.9
MrSQM_SFA_k5,UWaveGestureLibraryZ,169.64,172.57
MrSQM_SFA_k5,Wafer,45.9,137.65
MrSQM_SFA_k5,Wine,5.07,1.82
MrSQM_SFA_k5,WordSynonyms,51.47,24.0
MrSQM_SFA_k5,Worms,49.86,11.85
MrSQM_SFA_k5,WormsTwoClass,47.1,12.76
MrSQM_SFA_k5,Yoga,36.67,191.53
WEASEL,ACSF1,8.99,4.97
WEASEL,Adiac,8.01,1.82
WEASEL,ArrowHead,3.63,1.31
WEASEL,Beef,3.42,0.62
WEASEL,BeetleFly,3.4,0.63
WEASEL,BirdChicken,3.42,0.5
WEASEL,BME,4.77,0.82
WEASEL,Car,7.05,1.63
WEASEL,CBF,5.11,4.61
WEASEL,Chinatown,4.21,0.45
WEASEL,ChlorineConcentration,10.7,21.82
WEASEL,CinCECGTorso,9.4,105.41
WEASEL,Coffee,6.21,0.68
WEASEL,Computers,20.46,7.02
WEASEL,CricketX,17.44,5.76
WEASEL,CricketY,16.32,4.64
WEASEL,CricketZ,16.15,4.96
WEASEL,Crop,348.8,23.79
WEASEL,DiatomSizeReduction,5.93,4.49
WEASEL,DistalPhalanxOutlineAgeGroup,10.47,0.8
WEASEL,DistalPhalanxOutlineCorrect,7.57,0.79
WEASEL,DistalPhalanxTW,4.17,0.3
WEASEL,Earthquakes,12.23,2.39
WEASEL,ECG200,4.79,0.56
WEASEL,ECG5000,4.94,12.54
WEASEL,ECGFiveDays,1.11,3.46
WEASEL,ElectricDevices,832.21,34.57
WEASEL,EOGHorizontalSignal,41.75,21.33
WEASEL,EOGVerticalSignal,34.04,16.73
WEASEL,EthanolLevel,62.22,40.51
WEASEL,FaceAll,9.9,5.98
WEASEL,FaceFour,2.49,0.93
WEASEL,FacesUCR,4.08,7.25
WEASEL,FiftyWords,16.19,3.46
WEASEL,Fish,5.15,2.32
WEASEL,FordA,197.41,20.51
WEASEL,FordB,240.83,12.39
WEASEL,FreezerRegularTrain,5.05,33.81
WEASEL,FreezerSmallTrain,1.45,30.87
WEASEL,GunPoint,1.35,0.61
WEASEL,GunPointAgeSpan,1.97,1.05
WEASEL,GunPointMaleVersusFemale,2.05,1.12
WEASEL,GunPointOldVersusYoung,1.95,1.17
WEASEL,Ham,4.62,1.33
WEASEL,HandOutlines,155.98,38.47
WEASEL,Haptics,11.55,13.42
WEASEL,Herring,2.32,0.9
WEASEL,HouseTwenty,6.39,8.83
WEASEL,InlineSkate,12.18,44.25
WEASEL,InsectEPGRegularTrain,4.54,5.31
WEASEL,InsectEPGSmallTrain,1.36,5.44
WEASEL,InsectWingbeatSound,4.4,14.01
WEASEL,ItalyPowerDemand,0.38,0.18
WEASEL,LargeKitchenAppliances,17.18,10.03
WEASEL,Lightning2,2.75,1.26
WEASEL,Lightning7,3.21,0.79
WEASEL,Mallat,5.21,111.56
WEASEL,Meat,3.41,0.85
WEASEL,MedicalImages,7.88,3.09
WEASEL,MiddlePhalanxOutlineAgeGroup,7.93,0.84
WEASEL,MiddlePhalanxOutlineCorrect,7.12,0.76
WEASEL,MiddlePhalanxTW,5.86,0.53
WEASEL,MixedShapesRegularTrain,31.97,99.39
WEASEL,MixedShapesSmallTrain,7.56,103.93
WEASEL,MoteStrain,2.55,3.21
WEASEL,NonInvasiveFetalECGThorax1,182.28,56.56
WEASEL,NonInvasiveFetalECGThorax2,179.99,52.46
WEASEL,OliveOil,2.65,0.57
WEASEL,OSULeaf,6.22,3.19
WEASEL,PhalangesOutlinesCorrect,29.83,2.44
WEASEL,Phoneme,22.78,95.01
WEASEL,PickupGestureWiimoteZ,3.64,0.74
WEASEL,PigAirwayPressure,23.75,18.0
WEASEL,PigArtPressure,21.13,14.72
WEASEL,PigCVP,21.64,15.09
WEASEL,Plane,1.85,0.38
WEASEL,PowerCons,2.55,0.64
WEASEL,ProximalPhalanxOutlineAgeGroup,5.37,0.6
WEASEL,ProximalPhalanxOutlineCorrect,7.08,0.74
WEASEL,ProximalPhalanxTW,6.19,0.68
WEASEL,RefrigerationDevices,15.14,9.33
WEASEL,Rock,3.78,5.18
WEASEL,ScreenType,17.8,9.53
WEASEL,SemgHandGenderCh2,25.92,32.65
WEASEL,SemgHandMovementCh2,42.43,25.14
WEASEL,SemgHandSubjectCh2,39.38,22.66
WEASEL,ShakeGestureWiimoteZ,1.99,0.63
WEASEL,ShapeletSim,1.64,2.58
WEASEL,ShapesAll,38.14,10.33
WEASEL,SmallKitchenAppliances,21.3,10.14
WEASEL,SmoothSubspace,2.59,0.36
WEASEL,SonyAIBORobotSurface1,1.3,1.15
WEASEL,SonyAIBORobotSurface2,1.3,1.55
WEASEL,StarLightCurves,68.37,386.92
WEASEL,Strawberry,11.67,2.89
WEASEL,SwedishLeaf,6.16,1.75
WEASEL,Symbols,2.5,18.15
WEASEL,SyntheticControl,3.09,0.46
WEASEL,ToeSegmentation1,1.47,1.76
WEASEL,ToeSegmentation2,1.71,1.38
WEASEL,Trace,2.71,0.76
WEASEL,TwoLeadECG,1.4,2.73
WEASEL,TwoPatterns,17.4,11.89
WEASEL,UMD,1.12,0.49
WEASEL,UWaveGestureLibraryAll,74.85,143.27
WEASEL,UWaveGestureLibraryX,21.92,42.14
WEASEL,UWaveGestureLibraryY,21.82,40.66
WEASEL,UWaveGestureLibraryZ,22.25,40.83
WEASEL,Wafer,11.66,25.45
WEASEL,Wine,1.62,0.42
WEASEL,WordSynonyms,10.42,4.93
WEASEL,Worms,11.8,2.75
WEASEL,WormsTwoClass,11.92,2.82
WEASEL,Yoga,8.08,43.52
BOSS,ACSF1,1011.35,2.16
BOSS,Adiac,328.81,35.48
BOSS,ArrowHead,43.49,2.02
BOSS,Beef,75.61,0.85
BOSS,BeetleFly,57.84,2.67
BOSS,BirdChicken,59.57,5.61
BOSS,BME,19.36,5.84
BOSS,Car,187.68,3.63
BOSS,CBF,20.65,52.78
BOSS,Chinatown,3.91,2.47
BOSS,ChlorineConcentration,416.46,454.9
BOSS,CinCECGTorso,484.49,153.98
BOSS,Coffee,43.47,8.18
BOSS,Computers,1289.46,35.34
BOSS,CricketX,848.19,22.25
BOSS,CricketY,853.1,44.0
BOSS,CricketZ,796.22,37.45
BOSS,Crop,2933.02,733.31
BOSS,DiatomSizeReduction,23.67,76.93
BOSS,DistalPhalanxOutlineAgeGroup,126.32,8.82
BOSS,DistalPhalanxOutlineCorrect,215.46,17.15
BOSS,DistalPhalanxTW,135.56,7.49
BOSS,Earthquakes,1397.5,54.26
BOSS,ECG200,40.55,3.28
BOSS,ECG5000,382.66,635.26
BOSS,ECGFiveDays,11.98,32.24
BOSS,ElectricDevices,11485.22,196.32
BOSS,EOGHorizontalSignal,5308.23,221.33
BOSS,EOGVerticalSignal,5245.34,99.07
BOSS,EthanolLevel,8349.34,76.4
BOSS,FaceAll,426.68,146.63
BOSS,FaceFour,46.76,13.39
BOSS,FacesUCR,116.77,125.44
BOSS,FiftyWords,775.6,47.21
BOSS,Fish,441.18,28.11
BOSS,FordA,47343.7,380.29
BOSS,FordB,50613.01,309.47
BOSS,FreezerRegularTrain,254.04,741.01
BOSS,FreezerSmallTrain,46.03,661.06
BOSS,GunPoint,32.26,11.91
BOSS,GunPointAgeSpan,92.69,30.47
BOSS,GunPointMaleVersusFemale,88.49,37.06
BOSS,GunPointOldVersusYoung,89.63,33.61
BOSS,Ham,258.48,9.7
BOSS,HandOutlines,31561.29,721.16
BOSS,Haptics,1083.51,15.48
BOSS,Herring,165.24,1.59
BOSS,HouseTwenty,616.84,84.29
BOSS,InlineSkate,1435.29,33.67
BOSS,InsectEPGRegularTrain,217.41,65.05
BOSS,InsectEPGSmallTrain,58.74,41.02
BOSS,InsectWingbeatSound,288.78,67.25
BOSS,ItalyPowerDemand,6.5,6.08
BOSS,LargeKitchenAppliances,1784.61,101.61
BOSS,Lightning2,212.75,6.27
BOSS,Lightning7,108.79,0.7
BOSS,Mallat,338.15,698.29
BOSS,Meat,131.34,23.51
BOSS,MedicalImages,167.73,16.78
BOSS,MiddlePhalanxOutlineAgeGroup,137.14,10.64
BOSS,MiddlePhalanxOutlineCorrect,209.48,14.2
BOSS,MiddlePhalanxTW,134.02,9.05
BOSS,MixedShapesRegularTrain,5212.93,515.22
BOSS,MixedShapesSmallTrain,643.21,195.61
BOSS,MoteStrain,7.22,4.81
BOSS,NonInvasiveFetalECGThorax1,19504.15,564.57
BOSS,NonInvasiveFetalECGThorax2,18589.11,838.14
BOSS,OliveOil,95.73,7.67
BOSS,OSULeaf,564.36,5.15
BOSS,PhalangesOutlinesCorrect,834.74,56.04
BOSS,Phoneme,1963.62,17.2
BOSS,PickupGestureWiimoteZ,95.86,0.08
BOSS,PigAirwayPressure,1555.94,19.02
BOSS,PigArtPressure,1652.69,36.14
BOSS,PigCVP,1979.28,47.32
BOSS,Plane,66.67,11.75
BOSS,PowerCons,109.65,7.73
BOSS,ProximalPhalanxOutlineAgeGroup,131.0,11.57
BOSS,ProximalPhalanxOutlineCorrect,205.42,14.17
BOSS,ProximalPhalanxTW,143.6,13.17
BOSS,RefrigerationDevices,2588.97,57.92
BOSS,Rock,427.26,4.91
BOSS,ScreenType,2194.56,20.06
BOSS,SemgHandGenderCh2,5328.58,67.92
BOSS,SemgHandMovementCh2,8186.15,25.34
BOSS,SemgHandSubjectCh2,8598.74,22.18
BOSS,ShakeGestureWiimoteZ,88.63,0.21
BOSS,ShapeletSim,53.22,9.68
BOSS,ShapesAll,2609.17,127.15
BOSS,SmallKitchenAppliances,2000.42,31.84
BOSS,SmoothSubspace,10.74,0.51
BOSS,SonyAIBORobotSurface1,6.6,9.34
BOSS,SonyAIBORobotSurface2,6.93,15.36
BOSS,StarLightCurves,8530.02,6741.48
BOSS,Strawberry,1056.05,130.37
BOSS,SwedishLeaf,311.41,28.36
BOSS,Symbols,51.12,188.67
BOSS,SyntheticControl,71.06,6.29
BOSS,ToeSegmentation1,51.74,8.91
BOSS,ToeSegmentation2,61.39,11.54
BOSS,Trace,140.53,17.85
BOSS,TwoLeadECG,8.08,30.72
BOSS,TwoPatterns,881.16,167.96
BOSS,UMD,23.89,1.22
BOSS,UWaveGestureLibraryAll,10427.38,626.72
BOSS,UWaveGestureLibraryX,2234.55,214.37
BOSS,UWaveGestureLibraryY,2193.93,101.5
BOSS,UWaveGestureLibraryZ,2121.47,132.78
BOSS,Wafer,972.9,946.76
BOSS,Wine,61.54,10.12
BOSS,WordSynonyms,410.48,36.78
BOSS,Worms,1242.76,26.71
BOSS,WormsTwoClass,1147.09,12.96
BOSS,Yoga,680.69,328.73
cBOSS,ACSF1,136.69,14.42
cBOSS,Adiac,45.89,30.48
cBOSS,ArrowHead,11.18,15.83
cBOSS,Beef,8.84,3.84
cBOSS,BeetleFly,10.54,3.08
cBOSS,BirdChicken,14.33,3.55
cBOSS,BME,4.31,6.94
cBOSS,Car,36.12,5.64
cBOSS,CBF,6.53,58.5
cBOSS,Chinatown,1.9,12.74
cBOSS,ChlorineConcentration,49.37,329.56
cBOSS,CinCECGTorso,46.82,197.25
cBOSS,Coffee,7.0,2.34
cBOSS,Computers,291.17,32.33
cBOSS,CricketX,187.42,31.77
cBOSS,CricketY,184.36,30.47
cBOSS,CricketZ,174.92,31.84
cBOSS,Crop,411.61,2136.27
cBOSS,DiatomSizeReduction,7.83,24.38
cBOSS,DistalPhalanxOutlineAgeGroup,17.63,11.72
cBOSS,DistalPhalanxOutlineCorrect,25.38,19.02
cBOSS,DistalPhalanxTW,16.33,10.35
cBOSS,Earthquakes,259.39,10.93
cBOSS,ECG200,3.85,3.96
cBOSS,ECG5000,53.35,341.54
cBOSS,ECGFiveDays,4.67,56.67
cBOSS,ElectricDevices,1931.27,2140.47
cBOSS,EOGHorizontalSignal,975.77,68.75
cBOSS,EOGVerticalSignal,927.78,71.21
cBOSS,EthanolLevel,907.62,205.32
cBOSS,FaceAll,63.3,132.92
cBOSS,FaceFour,10.67,6.02
cBOSS,FacesUCR,18.92,140.66
cBOSS,FiftyWords,137.53,34.73
cBOSS,Fish,105.54,15.67
cBOSS,FordA,10085.84,602.49
cBOSS,FordB,11020.84,355.27
cBOSS,FreezerRegularTrain,47.51,249.29
cBOSS,FreezerSmallTrain,9.67,209.97
cBOSS,GunPoint,6.46,9.75
cBOSS,GunPointAgeSpan,12.8,21.6
cBOSS,GunPointMaleVersusFemale,12.87,20.95
cBOSS,GunPointOldVersusYoung,12.87,20.53
cBOSS,Ham,68.58,9.45
cBOSS,HandOutlines,3356.86,169.51
cBOSS,Haptics,268.41,41.38
cBOSS,Herring,27.5,5.14
cBOSS,HouseTwenty,81.7,17.08
cBOSS,InlineSkate,133.27,55.66
cBOSS,InsectEPGRegularTrain,49.7,22.4
cBOSS,InsectEPGSmallTrain,10.22,21.08
cBOSS,InsectWingbeatSound,56.68,135.08
cBOSS,ItalyPowerDemand,0.81,59.49
cBOSS,LargeKitchenAppliances,465.59,41.6
cBOSS,Lightning2,38.94,5.02
cBOSS,Lightning7,23.72,5.41
cBOSS,Mallat,42.73,193.73
cBOSS,Meat,15.4,5.22
cBOSS,MedicalImages,19.78,48.16
cBOSS,MiddlePhalanxOutlineAgeGroup,13.1,10.63
cBOSS,MiddlePhalanxOutlineCorrect,20.81,20.62
cBOSS,MiddlePhalanxTW,12.65,11.22
cBOSS,MixedShapesRegularTrain,1393.3,740.53
cBOSS,MixedShapesSmallTrain,137.92,326.8
cBOSS,MoteStrain,2.81,75.94
cBOSS,NonInvasiveFetalECGThorax1,4512.01,150.02
cBOSS,NonInvasiveFetalECGThorax2,3750.02,244.96
cBOSS,OliveOil,13.64,2.9
cBOSS,OSULeaf,134.08,26.52
cBOSS,PhalangesOutlinesCorrect,85.22,75.57
cBOSS,Phoneme,176.18,338.12
cBOSS,PickupGestureWiimoteZ,19.27,3.33
cBOSS,PigAirwayPressure,155.93,27.06
cBOSS,PigArtPressure,286.51,35.64
cBOSS,PigCVP,283.09,34.82
cBOSS,Plane,10.81,6.88
cBOSS,PowerCons,18.57,11.51
cBOSS,ProximalPhalanxOutlineAgeGroup,12.33,13.85
cBOSS,ProximalPhalanxOutlineCorrect,21.85,22.91
cBOSS,ProximalPhalanxTW,13.24,15.35
cBOSS,RefrigerationDevices,713.96,63.82
cBOSS,Rock,19.62,7.74
cBOSS,ScreenType,357.24,57.25
cBOSS,SemgHandGenderCh2,1550.59,53.9
cBOSS,SemgHandMovementCh2,1100.99,37.39
cBOSS,SemgHandSubjectCh2,1325.79,39.73
cBOSS,ShakeGestureWiimoteZ,28.73,4.29
cBOSS,ShapeletSim,6.77,10.97
cBOSS,ShapesAll,594.03,67.06
cBOSS,SmallKitchenAppliances,454.46,41.29
cBOSS,SmoothSubspace,1.4,6.01
cBOSS,SonyAIBORobotSurface1,1.97,36.46
cBOSS,SonyAIBORobotSurface2,1.76,55.92
cBOSS,StarLightCurves,2067.42,1136.95
cBOSS,Strawberry,131.93,41.95
cBOSS,SwedishLeaf,45.0,52.81
cBOSS,Symbols,16.29,79.52
cBOSS,SyntheticControl,6.99,16.84
cBOSS,ToeSegmentation1,14.04,14.37
cBOSS,ToeSegmentation2,16.87,10.29
cBOSS,Trace,21.87,6.92
cBOSS,TwoLeadECG,2.13,69.81
cBOSS,TwoPatterns,127.69,302.21
cBOSS,UMD,5.49,9.88
cBOSS,UWaveGestureLibraryAll,2800.77,179.15
cBOSS,UWaveGestureLibraryX,503.71,274.79
cBOSS,UWaveGestureLibraryY,506.6,263.92
cBOSS,UWaveGestureLibraryZ,468.95,276.72
cBOSS,Wafer,120.47,699.82
cBOSS,Wine,11.92,4.14
cBOSS,WordSynonyms,73.93,46.18
cBOSS,Worms,176.82,8.34
cBOSS,WormsTwoClass,217.62,12.47
cBOSS,Yoga,170.35,267.24
TDE,ACSF1,1389.48,413.32
TDE,Adiac,1156.89,286.39
TDE,ArrowHead,90.98,103.42
TDE,Beef,117.06,27.03
TDE,BeetleFly,126.68,28.82
TDE,BirdChicken,104.57,23.03
TDE,BME,59.84,71.81
TDE,Car,226.78,41.5
TDE,CBF,48.19,247.52
TDE,Chinatown,12.11,35.35
TDE,ChlorineConcentration,1980.31,4370.66
TDE,CinCECGTorso,685.53,5972.26
TDE,Coffee,69.77,13.96
TDE,Computers,1773.77,637.9
TDE,CricketX,1471.15,401.87
TDE,CricketY,1559.57,435.08
TDE,CricketZ,1708.56,464.81
TDE,Crop,61295.46,37432.7
TDE,DiatomSizeReduction,69.27,256.64
TDE,DistalPhalanxOutlineAgeGroup,666.14,69.34
TDE,DistalPhalanxOutlineCorrect,1518.84,207.23
TDE,DistalPhalanxTW,759.47,83.33
TDE,Earthquakes,1431.3,85.9
TDE,ECG200,97.14,24.09
TDE,ECG5000,1439.33,4034.87
TDE,ECGFiveDays,29.48,180.93
TDE,ElectricDevices,115348.79,35010.88
TDE,EOGHorizontalSignal,3275.98,609.67
TDE,EOGVerticalSignal,2690.92,461.81
TDE,EthanolLevel,7256.59,1364.48
TDE,FaceAll,1908.85,1964.13
TDE,FaceFour,93.08,87.77
TDE,FacesUCR,432.0,1373.62
TDE,FiftyWords,2492.19,799.12
TDE,Fish,843.9,261.63
TDE,FordA,67765.7,6545.37
TDE,FordB,52620.96,2876.95
TDE,FreezerRegularTrain,525.45,2842.36
TDE,FreezerSmallTrain,45.66,799.76
TDE,GunPoint,98.21,90.12
TDE,GunPointAgeSpan,280.49,187.91
TDE,GunPointMaleVersusFemale,182.1,137.47
TDE,GunPointOldVersusYoung,207.3,133.71
TDE,Ham,553.83,172.03
TDE,HandOutlines,16114.23,1131.65
TDE,Haptics,1713.69,866.08
TDE,Herring,124.08,14.27
TDE,HouseTwenty,828.87,623.93
TDE,InlineSkate,1614.12,2412.61
TDE,InsectEPGRegularTrain,446.1,539.61
TDE,InsectEPGSmallTrain,116.62,388.05
TDE,InsectWingbeatSound,399.18,1023.64
TDE,ItalyPowerDemand,34.45,122.25
TDE,LargeKitchenAppliances,1919.08,577.19
TDE,Lightning2,134.46,19.1
TDE,Lightning7,177.26,38.14
TDE,Mallat,547.39,4844.04
TDE,Meat,304.03,87.49
TDE,MedicalImages,843.07,575.92
TDE,MiddlePhalanxOutlineAgeGroup,723.92,88.18
TDE,MiddlePhalanxOutlineCorrect,1128.08,157.6
TDE,MiddlePhalanxTW,812.07,95.23
TDE,MixedShapesRegularTrain,7325.04,11589.24
TDE,MixedShapesSmallTrain,1268.38,7169.56
TDE,MoteStrain,29.03,378.86
TDE,NonInvasiveFetalECGThorax1,10963.32,2754.86
TDE,NonInvasiveFetalECGThorax2,10012.43,1953.71
TDE,OliveOil,122.99,32.63
TDE,OSULeaf,1006.35,357.86
TDE,PhalangesOutlinesCorrect,6842.72,773.62
TDE,Phoneme,2816.98,5627.72
TDE,PickupGestureWiimoteZ,102.05,11.66
TDE,PigAirwayPressure,1409.96,728.41
TDE,PigArtPressure,1801.42,947.5
TDE,PigCVP,1636.8,816.31
TDE,Plane,230.28,67.57
TDE,PowerCons,145.57,35.83
TDE,ProximalPhalanxOutlineAgeGroup,665.15,105.04
TDE,ProximalPhalanxOutlineCorrect,1239.97,194.59
TDE,ProximalPhalanxTW,662.52,109.19
TDE,RefrigerationDevices,2767.55,888.35
TDE,Rock,594.1,402.57
TDE,ScreenType,2918.58,739.44
TDE,SemgHandGenderCh2,1122.42,210.59
TDE,SemgHandMovementCh2,2125.98,180.61
TDE,SemgHandSubjectCh2,2340.76,155.74
TDE,ShakeGestureWiimoteZ,208.34,54.11
TDE,ShapeletSim,107.7,250.57
TDE,ShapesAll,4205.71,1028.59
TDE,SmallKitchenAppliances,2614.39,702.69
TDE,SmoothSubspace,65.33,25.5
TDE,SonyAIBORobotSurface1,21.28,133.71
TDE,SonyAIBORobotSurface2,26.74,223.22
TDE,StarLightCurves,11427.75,29624.72
TDE,Strawberry,3201.8,451.83
TDE,SwedishLeaf,1404.63,500.4
TDE,Symbols,102.83,973.84
TDE,SyntheticControl,299.9,98.2
TDE,ToeSegmentation1,95.11,130.55
TDE,ToeSegmentation2,103.66,76.51
TDE,Trace,266.93,70.39
TDE,TwoLeadECG,31.06,318.8
TDE,TwoPatterns,3688.7,5121.12
TDE,UMD,55.36,60.68
TDE,UWaveGestureLibraryAll,11480.3,11525.23
TDE,UWaveGestureLibraryX,4037.91,3750.66
TDE,UWaveGestureLibraryY,4640.9,4701.12
TDE,UWaveGestureLibraryZ,4247.85,5294.94
TDE,Wafer,3812.12,7312.2
TDE,Wine,118.28,34.57
TDE,WordSynonyms,1010.83,558.19
TDE,Worms,1259.94,173.42
TDE,WormsTwoClass,1443.14,154.01
TDE,Yoga,1248.24,2635.69
MultiRocket,ACSF1,8.49,6.95
MultiRocket,Adiac,6.52,4.29
MultiRocket,ArrowHead,1.29,2.93
MultiRocket,Beef,1.86,1.4
MultiRocket,BeetleFly,1.68,1.15
MultiRocket,BirdChicken,2.1,1.05
MultiRocket,BME,0.85,1.62
MultiRocket,Car,3.08,2.33
MultiRocket,CBF,1.0,9.02
MultiRocket,Chinatown,1.01,1.48
MultiRocket,ChlorineConcentration,8.47,49.79
MultiRocket,CinCECGTorso,4.66,126.48
MultiRocket,Coffee,1.54,1.0
MultiRocket,Computers,11.17,9.63
MultiRocket,CricketX,9.7,8.0
MultiRocket,CricketY,9.67,7.95
MultiRocket,CricketZ,9.69,8.06
MultiRocket,Crop,395.4,75.1
MultiRocket,DiatomSizeReduction,0.99,6.01
MultiRocket,DistalPhalanxOutlineAgeGroup,4.44,1.22
MultiRocket,DistalPhalanxOutlineCorrect,6.91,2.02
MultiRocket,DistalPhalanxTW,4.17,1.22
MultiRocket,Earthquakes,13.59,5.54
MultiRocket,ECG200,1.55,1.14
MultiRocket,ECG5000,7.28,40.64
MultiRocket,ECGFiveDays,0.85,8.07
MultiRocket,ElectricDevices,609.0,44.42
MultiRocket,EOGHorizontalSignal,27.9,25.99
MultiRocket,EOGVerticalSignal,28.96,26.46
MultiRocket,EthanolLevel,50.61,46.58
MultiRocket,FaceAll,8.19,15.1
MultiRocket,FaceFour,1.23,2.38
MultiRocket,FacesUCR,3.0,19.29
MultiRocket,FiftyWords,8.82,6.81
MultiRocket,Fish,5.34,4.53
MultiRocket,FordA,165.76,35.78
MultiRocket,FordB,177.26,22.68
MultiRocket,FreezerRegularTrain,4.21,57.45
MultiRocket,FreezerSmallTrain,1.25,56.49
MultiRocket,GunPoint,1.18,1.83
MultiRocket,GunPointAgeSpan,2.19,3.16
MultiRocket,GunPointMaleVersusFemale,2.06,2.95
MultiRocket,GunPointOldVersusYoung,2.21,3.1
MultiRocket,Ham,3.47,2.86
MultiRocket,HandOutlines,152.11,53.52
MultiRocket,Haptics,9.81,17.08
MultiRocket,Herring,2.56,2.18
MultiRocket,HouseTwenty,6.31,15.35
MultiRocket,InlineSkate,12.61,61.96
MultiRocket,InsectEPGRegularTrain,3.34,10.09
MultiRocket,InsectEPGSmallTrain,1.45,10.45
MultiRocket,InsectWingbeatSound,4.37,27.81
MultiRocket,ItalyPowerDemand,0.95,3.62
MultiRocket,LargeKitchenAppliances,14.52,12.53
MultiRocket,Lightning2,3.39,2.99
MultiRocket,Lightning7,2.33,2.01
MultiRocket,Mallat,3.66,116.24
MultiRocket,Meat,2.24,1.91
MultiRocket,MedicalImages,4.63,5.53
MultiRocket,MiddlePhalanxOutlineAgeGroup,4.51,1.3
MultiRocket,MiddlePhalanxOutlineCorrect,6.51,2.03
MultiRocket,MiddlePhalanxTW,4.5,1.31
MultiRocket,MixedShapesRegularTrain,30.2,130.49
MultiRocket,MixedShapesSmallTrain,6.57,129.99
MultiRocket,MoteStrain,0.74,7.91
MultiRocket,NonInvasiveFetalECGThorax1,94.26,79.99
MultiRocket,NonInvasiveFetalECGThorax2,90.35,78.97
MultiRocket,OliveOil,1.63,1.35
MultiRocket,OSULeaf,6.23,6.23
MultiRocket,PhalangesOutlinesCorrect,26.95,4.95
MultiRocket,Phoneme,14.75,114.06
MultiRocket,PickupGestureWiimoteZ,2.0,1.64
MultiRocket,PigAirwayPressure,13.67,25.04
MultiRocket,PigArtPressure,12.15,21.93
MultiRocket,PigCVP,13.87,25.12
MultiRocket,Plane,1.79,1.37
MultiRocket,PowerCons,2.86,2.13
MultiRocket,ProximalPhalanxOutlineAgeGroup,4.46,1.57
MultiRocket,ProximalPhalanxOutlineCorrect,6.66,1.95
MultiRocket,ProximalPhalanxTW,4.32,1.51
MultiRocket,RefrigerationDevices,18.46,16.75
MultiRocket,Rock,4.3,7.84
MultiRocket,ScreenType,16.58,14.11
MultiRocket,SemgHandGenderCh2,34.07,64.83
MultiRocket,SemgHandMovementCh2,51.96,48.99
MultiRocket,SemgHandSubjectCh2,51.85,48.66
MultiRocket,ShakeGestureWiimoteZ,1.99,1.68
MultiRocket,ShapeletSim,1.48,7.16
MultiRocket,ShapesAll,21.09,17.66
MultiRocket,SmallKitchenAppliances,14.81,13.14
MultiRocket,SmoothSubspace,1.34,0.8
MultiRocket,SonyAIBORobotSurface1,0.75,3.69
MultiRocket,SonyAIBORobotSurface2,0.77,5.44
MultiRocket,StarLightCurves,51.37,347.97
MultiRocket,Strawberry,11.23,5.12
MultiRocket,SwedishLeaf,6.83,5.65
MultiRocket,Symbols,1.25,21.39
MultiRocket,SyntheticControl,3.33,2.06
MultiRocket,ToeSegmentation1,1.4,4.51
MultiRocket,ToeSegmentation2,1.51,3.13
MultiRocket,Trace,2.84,2.32
MultiRocket,TwoLeadECG,0.76,7.1
MultiRocket,TwoPatterns,16.26,40.16
MultiRocket,UMD,1.06,1.86
MultiRocket,UWaveGestureLibraryAll,53.43,185.04
MultiRocket,UWaveGestureLibraryX,20.7,57.98
MultiRocket,UWaveGestureLibraryY,21.12,59.44
MultiRocket,Wafer,16.31,59.49
MultiRocket,Wine,1.48,1.15
MultiRocket,WordSynonyms,5.45,9.46
MultiRocket,Worms,11.27,4.71
MultiRocket,WormsTwoClass,11.29,4.62
MultiRocket,Yoga,8.93,69.46
WEASEL (dilation),ACSF1,9.97,5.74
WEASEL (dilation),Adiac,22.22,9.1
WEASEL (dilation),ArrowHead,3.36,2.06
WEASEL (dilation),Beef,3.46,0.8
WEASEL (dilation),BeetleFly,2.97,0.6
WEASEL (dilation),BirdChicken,2.81,0.62
WEASEL (dilation),BME,2.59,0.95
WEASEL (dilation),Car,4.22,1.4
WEASEL (dilation),CBF,0.86,5.64
WEASEL (dilation),Chinatown,0.56,0.48
WEASEL (dilation),ChlorineConcentration,22.62,116.88
WEASEL (dilation),CinCECGTorso,4.04,115.12
WEASEL (dilation),Coffee,1.14,0.36
WEASEL (dilation),Computers,42.82,31.69
WEASEL (dilation),CricketX,31.38,19.43
WEASEL (dilation),CricketY,26.42,15.1
WEASEL (dilation),CricketZ,28.5,16.7
WEASEL (dilation),Crop,453.82,162.62
WEASEL (dilation),DiatomSizeReduction,0.88,4.15
WEASEL (dilation),DistalPhalanxOutlineAgeGroup,8.72,1.07
WEASEL (dilation),DistalPhalanxOutlineCorrect,12.51,1.88
WEASEL (dilation),DistalPhalanxTW,8.58,1.06
WEASEL (dilation),Earthquakes,35.6,10.0
WEASEL (dilation),ECG200,1.61,0.49
WEASEL (dilation),ECG5000,20.33,92.18
WEASEL (dilation),ECGFiveDays,0.95,5.55
WEASEL (dilation),ElectricDevices,914.23,144.87
WEASEL (dilation),EOGHorizontalSignal,82.41,60.89
WEASEL (dilation),EOGVerticalSignal,103.87,76.67
WEASEL (dilation),EthanolLevel,174.74,137.58
WEASEL (dilation),FaceAll,22.18,26.0
WEASEL (dilation),FaceFour,3.54,1.64
WEASEL (dilation),FacesUCR,3.02,12.75
WEASEL (dilation),FiftyWords,27.64,14.61
WEASEL (dilation),Fish,5.6,3.16
WEASEL (dilation),FordA,462.45,80.48
WEASEL (dilation),FordB,496.34,53.81
WEASEL (dilation),FreezerRegularTrain,3.76,48.78
WEASEL (dilation),FreezerSmallTrain,1.23,49.76
WEASEL (dilation),GunPoint,1.32,0.95
WEASEL (dilation),GunPointAgeSpan,2.26,1.98
WEASEL (dilation),GunPointMaleVersusFemale,2.3,2.04
WEASEL (dilation),GunPointOldVersusYoung,2.27,1.94
WEASEL (dilation),Ham,3.58,1.82
WEASEL (dilation),HandOutlines,569.31,165.8
WEASEL (dilation),Haptics,9.74,13.08
WEASEL (dilation),Herring,2.75,1.44
WEASEL (dilation),HouseTwenty,5.02,9.36
WEASEL (dilation),InlineSkate,11.86,60.45
WEASEL (dilation),InsectEPGRegularTrain,2.95,7.01
WEASEL (dilation),InsectEPGSmallTrain,1.39,7.65
WEASEL (dilation),InsectWingbeatSound,4.67,24.24
WEASEL (dilation),ItalyPowerDemand,1.1,1.67
WEASEL (dilation),LargeKitchenAppliances,53.67,38.35
WEASEL (dilation),Lightning2,3.38,2.0
WEASEL (dilation),Lightning7,2.07,0.99
WEASEL (dilation),Mallat,3.57,119.68
WEASEL (dilation),Meat,2.15,1.11
WEASEL (dilation),MedicalImages,9.34,6.78
WEASEL (dilation),MiddlePhalanxOutlineAgeGroup,8.42,1.15
WEASEL (dilation),MiddlePhalanxOutlineCorrect,12.62,2.03
WEASEL (dilation),MiddlePhalanxTW,8.36,1.14
WEASEL (dilation),MixedShapesRegularTrain,92.49,378.95
WEASEL (dilation),MixedShapesSmallTrain,6.06,128.44
WEASEL (dilation),MoteStrain,0.98,6.62
WEASEL (dilation),NonInvasiveFetalECGThorax1,327.61,271.14
WEASEL (dilation),NonInvasiveFetalECGThorax2,303.27,234.29
WEASEL (dilation),OliveOil,1.55,0.73
WEASEL (dilation),OSULeaf,5.88,4.04
WEASEL (dilation),PhalangesOutlinesCorrect,47.76,6.83
WEASEL (dilation),Phoneme,14.62,105.62
WEASEL (dilation),PickupGestureWiimoteZ,4.15,1.0
WEASEL (dilation),PigAirwayPressure,12.34,17.64
WEASEL (dilation),PigArtPressure,11.41,16.67
WEASEL (dilation),PigCVP,12.07,16.89
WEASEL (dilation),Plane,2.07,0.73
WEASEL (dilation),PowerCons,3.03,1.37
WEASEL (dilation),ProximalPhalanxOutlineAgeGroup,8.66,1.5
WEASEL (dilation),ProximalPhalanxOutlineCorrect,12.15,1.99
WEASEL (dilation),ProximalPhalanxTW,8.26,1.5
WEASEL (dilation),RefrigerationDevices,51.01,35.89
WEASEL (dilation),Rock,3.6,5.45
WEASEL (dilation),ScreenType,61.41,43.9
WEASEL (dilation),SemgHandGenderCh2,97.09,167.07
WEASEL (dilation),SemgHandMovementCh2,134.51,104.55
WEASEL (dilation),SemgHandSubjectCh2,153.46,121.9
WEASEL (dilation),ShakeGestureWiimoteZ,1.83,0.82
WEASEL (dilation),ShapeletSim,1.3,3.89
WEASEL (dilation),ShapesAll,60.43,38.12
WEASEL (dilation),SmallKitchenAppliances,62.43,48.23
WEASEL (dilation),SmoothSubspace,1.57,0.31
WEASEL (dilation),SonyAIBORobotSurface1,0.88,2.47
WEASEL (dilation),SonyAIBORobotSurface2,0.97,3.78
WEASEL (dilation),StarLightCurves,232.91,1263.43
WEASEL (dilation),Strawberry,34.18,9.89
WEASEL (dilation),SwedishLeaf,20.62,9.83
WEASEL (dilation),Symbols,1.23,17.67
WEASEL (dilation),SyntheticControl,6.47,1.82
WEASEL (dilation),ToeSegmentation1,1.44,2.6
WEASEL (dilation),ToeSegmentation2,1.4,2.16
WEASEL (dilation),Trace,2.45,1.16
WEASEL (dilation),TwoLeadECG,0.83,5.6
WEASEL (dilation),TwoPatterns,42.0,75.31
WEASEL (dilation),UMD,1.17,1.01
WEASEL (dilation),UWaveGestureLibraryAll,181.52,489.99
WEASEL (dilation),UWaveGestureLibraryX,67.36,178.61
WEASEL (dilation),UWaveGestureLibraryY,67.44,178.61
WEASEL (dilation),Wafer,47.2,170.54
WEASEL (dilation),Wine,1.4,0.55
WEASEL (dilation),WordSynonyms,17.85,22.21
WEASEL (dilation),Worms,10.62,3.26
WEASEL (dilation),WormsTwoClass,9.87,2.83
WEASEL (dilation),Yoga,26.7,195.26
HC2,Chinatown,7462.8,61.4
HC2,BME,7709.5,85.25
HC2,BirdChicken,7786.07,31.48
HC2,Coffee,7801.17,24.14
HC2,BeetleFly,7843.71,35.54
HC2,ECGFiveDays,7617.9,369.43
HC2,FaceFour,7911.02,103.55
HC2,DiatomSizeReduction,7717.78,329.86
HC2,CBF,7717.51,421.96
HC2,GunPoint,8067.79,101.76
HC2,ArrowHead,8033.63,152.62
HC2,Beef,8268.33,46.99
HC2,ECG200,8608.51,50.49
HC2,Car,9210.43,92.51
HC2,FreezerSmallTrain,7804.05,2106.04
HC2,DistalPhalanxOutlineAgeGroup,12564.53,111.99
HC2,Fish,12735.64,348.49
HC2,DistalPhalanxTW,12995.24,127.79
HC2,FacesUCR,11288.83,1928.93
HC2,FreezerRegularTrain,10150.53,3570.75
HC2,ACSF1,13667.66,560.91
HC2,Earthquakes,15779.05,212.84
HC2,DistalPhalanxOutlineCorrect,15824.48,282.6
HC2,InsectEPGSmallTrain,7798.29,463.88
HC2,ItalyPowerDemand,7833.91,251.96
HC2,Computers,16071.14,815.37
HC2,Herring,8968.05,86.58
HC2,GunPointOldVersusYoung,9096.47,198.47
HC2,GunPointAgeSpan,9343.07,248.83
HC2,GunPointMaleVersusFemale,9196.95,209.98
HC2,CinCECGTorso,9577.48,8021.18
HC2,InsectEPGRegularTrain,9029.35,576.05
HC2,Ham,10125.31,207.55
HC2,HouseTwenty,9793.93,776.45
HC2,Lightning2,9147.49,117.49
HC2,Adiac,19038.43,516.44
HC2,ECG5000,14937.41,4911.59
HC2,CricketX,19501.14,688.09
HC2,CricketZ,19621.43,704.65
HC2,CricketY,19649.4,683.2
HC2,FaceAll,19442.92,2406.31
HC2,Meat,8680.44,100.45
HC2,Lightning7,9148.1,89.58
HC2,InsectWingbeatSound,13233.02,2396.86
HC2,MoteStrain,7519.0,497.33
HC2,FiftyWords,24114.45,936.87
HC2,Haptics,15935.68,1273.25
HC2,OliveOil,8138.83,50.28
HC2,ChlorineConcentration,18869.56,7045.63
HC2,InlineSkate,14629.58,3462.86
HC2,PickupGestureWiimoteZ,8741.1,50.39
HC2,MiddlePhalanxOutlineAgeGroup,12825.94,144.37
HC2,Plane,8850.49,82.25
HC2,MedicalImages,14800.03,776.81
HC2,EOGHorizontalSignal,27343.16,1625.52
HC2,PowerCons,9770.39,103.17
HC2,EOGVerticalSignal,28299.71,1561.9
HC2,MiddlePhalanxTW,14002.69,152.68
HC2,MiddlePhalanxOutlineCorrect,15958.92,295.94
HC2,Mallat,9538.66,8039.12
HC2,LargeKitchenAppliances,20428.66,1014.71
HC2,OSULeaf,13460.69,504.6
HC2,Rock,9187.53,484.97
HC2,ProximalPhalanxOutlineAgeGroup,12650.63,157.88
HC2,ShapeletSim,7801.01,300.54
HC2,ProximalPhalanxTW,12944.74,184.99
HC2,ShakeGestureWiimoteZ,8827.29,79.32
HC2,SonyAIBORobotSurface1,7464.85,189.15
HC2,SmoothSubspace,8575.35,53.06
HC2,ProximalPhalanxOutlineCorrect,15671.27,265.69
HC2,SonyAIBORobotSurface2,7553.86,314.83
HC2,PigAirwayPressure,18355.52,1292.46
HC2,PigArtPressure,18191.34,1436.55
HC2,ToeSegmentation1,8123.6,216.06
HC2,PigCVP,18322.17,1333.28
HC2,ToeSegmentation2,8074.71,134.53
HC2,MixedShapesSmallTrain,11288.04,11254.91
HC2,TwoLeadECG,7553.36,428.52
HC2,Symbols,7966.82,1306.67
HC2,Trace,9146.43,102.28
HC2,UMD,7930.7,97.04
HC2,SyntheticControl,10754.41,179.7
HC2,Wine,8386.19,57.84
HC2,EthanolLevel,41358.65,3650.06
HC2,RefrigerationDevices,21928.69,1332.47
HC2,ScreenType,22419.77,1218.2
HC2,SwedishLeaf,16596.79,732.57
HC2,SmallKitchenAppliances,20828.77,1030.86
HC2,SemgHandGenderCh2,22386.14,2575.01
HC2,Strawberry,19799.06,771.67
HC2,Phoneme,22482.54,10025.2
HC2,WormsTwoClass,14009.46,280.0
HC2,Worms,15255.3,280.09
HC2,WordSynonyms,16262.34,1017.12
HC2,PhalangesOutlinesCorrect,38651.5,1396.46
HC2,Yoga,14717.13,6027.67
HC2,SemgHandSubjectCh2,34083.61,2317.8
HC2,SemgHandMovementCh2,34670.09,2256.63
HC2,TwoPatterns,25175.23,6551.22
HC2,ShapesAll,35258.3,2203.86
HC2,Wafer,23562.69,9073.56
HC2,MixedShapesRegularTrain,30315.31,21850.91
HC2,UWaveGestureLibraryX,33662.05,9102.34
HC2,UWaveGestureLibraryY,34277.77,8708.87
HC2,UWaveGestureLibraryZ,34278.62,10205.68
HC2,UWaveGestureLibraryAll,47312.46,18812.04
HC2,HandOutlines,91948.97,4689.82
HC2,NonInvasiveFetalECGThorax2,90989.34,7851.4
HC2,NonInvasiveFetalECGThorax1,92782.11,9338.34
HC2,StarLightCurves,47305.53,63348.05
HC2,FordB,156517.56,5131.98
HC2,FordA,175132.7,10519.09
HC2,Crop,197419.44,52391.4
HC2,ElectricDevices,200000,52391.4