Classifier,Dataset,Accuracy,Fit,Predict,Features,Cross-Val
Hydra,ArrowHead,0.811,0.2,1.05,5120
Hydra,Adiac,0.818,1.75,1.49,5120
MultiRocket,Beef,0.767,1.91,1.47,49728
MiniRocket,ArrowHead,0.863,0.47,1.26,9996
MiniRocket,Adiac,0.841,2.46,1.81,9996
MiniRocket,Car,0.917,1.14,0.96,9996
MiniRocket,ACSF1,0.92,4.25,3.87,9996
Hydra,Chinatown,0.983,0.03,0.09,2048
Hydra,CBF,0.992,0.09,2.4,4096
MultiRocket,Chinatown,0.977,0.74,1.62,49728
MiniRocket,CBF,0.999,0.31,2.81,9996
MiniRocket,Chinatown,0.983,0.2,0.34,9996
Hydra,BirdChicken,0.9,0.29,0.24,6144
Rocket,Chinatown,0.983,0.44,3.0,20000
MiniRocket,Beef,0.867,0.63,0.47,9996
Hydra,BME,1.0,0.12,0.44,4096
Hydra,BeetleFly,0.95,0.38,0.33,6144
Hydra,Beef,0.833,0.49,0.47,6144
MiniRocket,BME,1.0,0.33,0.69,9996
MiniRocket,BeetleFly,0.9,0.66,0.4,9996
MiniRocket,BirdChicken,0.9,0.6,0.41,9996
Hydra,Coffee,1.0,0.26,0.21,6144
MultiRocket,BirdChicken,0.9,1.55,1.22,49728
Hydra,Car,0.933,1.26,1.13,7168
MiniRocket,Coffee,1.0,0.58,0.31,9996
Hydra,ACSF1,0.85,5.29,4.91,8192
MultiRocket,BeetleFly,0.9,2.02,1.26,49728
MultiRocket,BME,1.0,1.3,2.16,49728
MultiRocket,Coffee,1.0,1.45,1.12,49728
MultiRocket,ArrowHead,0.863,1.64,3.56,49728
MultiRocket,CBF,0.996,1.2,10.95,49728
MultiRocket,Car,0.917,3.41,2.84,49728
Rocket,BirdChicken,0.9,3.58,3.36,20000
Rocket,BeetleFly,0.9,3.54,3.41,20000
Rocket,Coffee,1.0,3.0,2.97,20000
Rocket,ArrowHead,0.817,3.01,14.98,20000
Rocket,BME,1.0,1.89,7.19,20000
Rocket,Beef,0.833,5.28,5.23,20000
MultiRocket,ACSF1,0.89,9.48,8.71,49728
Rocket,Car,0.9,11.23,12.03,20000
MiniRocket,CricketX,0.808,3.76,3.06,9996
MultiRocket,Adiac,0.836,7.81,5.19,49728
Hydra,CricketX,0.785,4.75,4.28,6144
MiniRocket,Computers,0.708,5.23,4.68,9996
Hydra,CricketY,0.849,4.38,4.27,6144
MiniRocket,CricketY,0.831,3.98,3.03,9996
Hydra,Computers,0.708,6.22,5.99,7168
Hydra,DistalPhalanxOutlineAgeGroup,0.784,1.0,0.28,4096
Hydra,CricketZ,0.79,4.77,4.33,6144
Hydra,DiatomSizeReduction,0.941,0.19,3.27,6144
MiniRocket,DiatomSizeReduction,0.925,0.44,2.84,9996
MiniRocket,CricketZ,0.828,4.82,3.23,9996
MiniRocket,DistalPhalanxOutlineAgeGroup,0.748,1.56,0.37,9996
MiniRocket,ChlorineConcentration,0.756,3.11,15.81,9996
Hydra,DistalPhalanxOutlineCorrect,0.75,1.66,0.46,4096
Hydra,DistalPhalanxTW,0.705,0.96,0.21,4096
MiniRocket,DistalPhalanxOutlineCorrect,0.783,2.25,0.65,9996
Hydra,ChlorineConcentration,0.755,2.94,20.92,5120
MultiRocket,DiatomSizeReduction,0.961,1.28,7.27,49728
MultiRocket,DistalPhalanxOutlineAgeGroup,0.777,5.58,1.42,49728
MiniRocket,DistalPhalanxTW,0.691,1.56,0.38,9996
MultiRocket,CricketX,0.79,12.4,9.71,49728
MultiRocket,CricketY,0.849,12.35,9.62,49728
MultiRocket,DistalPhalanxTW,0.691,5.64,1.44,49728
Hydra,ECG200,0.87,0.22,0.17,4096
MultiRocket,Computers,0.796,14.5,12.08,49728
MultiRocket,DistalPhalanxOutlineCorrect,0.797,8.82,2.2,49728
MiniRocket,ECG200,0.92,0.47,0.32,9996
Rocket,CBF,1.0,1.45,35.7,20000
Hydra,Earthquakes,0.748,5.25,2.11,6144
Rocket,DistalPhalanxOutlineAgeGroup,0.77,11.15,3.58,20000
MultiRocket,CricketZ,0.831,13.27,10.09,49728
MultiRocket,ECG200,0.92,2.33,1.35,49728
MiniRocket,Earthquakes,0.748,4.77,1.88,9996
Hydra,ECGFiveDays,1.0,0.08,3.09,5120
Rocket,ECG200,0.91,3.48,3.15,20000
MiniRocket,ECGFiveDays,1.0,0.28,2.9,9996
Rocket,DistalPhalanxTW,0.719,11.06,3.61,20000
Rocket,DistalPhalanxOutlineCorrect,0.775,16.79,6.92,20000
MultiRocket,ECGFiveDays,1.0,1.02,9.7,49728
Rocket,Adiac,0.788,23.45,21.11,20000
MultiRocket,Earthquakes,0.748,16.71,6.63,49728
Rocket,DiatomSizeReduction,0.967,1.97,32.19,20000
MiniRocket,ECG5000,0.945,2.65,15.31,9996
Hydra,ECG5000,0.948,2.43,18.43,5120
MultiRocket,ChlorineConcentration,0.79,10.89,56.25,49728
MiniRocket,CinCECGTorso,0.869,2.22,58.59,9996
Rocket,ECGFiveDays,1.0,1.24,35.76,20000
MiniRocket,EOGHorizontalSignal,0.588,12.78,11.89,9996
Rocket,CricketX,0.826,37.18,35.47,20000
Hydra,EOGHorizontalSignal,0.566,18.06,16.26,8192
Rocket,CricketY,0.846,37.12,36.17,20000
Rocket,CricketZ,0.849,37.98,35.99,20000
Rocket,ACSF1,0.88,48.89,46.54,20000
Hydra,EOGVerticalSignal,0.486,19.29,16.63,8192
Hydra,FaceAll,0.915,2.47,5.82,5120
Hydra,FaceFour,0.864,0.28,0.92,6144
Hydra,CinCECGTorso,0.993,2.63,80.39,8192
MultiRocket,ECG5000,0.946,9.4,48.87,49728
MiniRocket,FaceFour,0.989,0.47,0.87,9996
MiniRocket,EOGVerticalSignal,0.547,12.38,11.69,9996
MultiRocket,FaceFour,0.955,1.51,2.82,49728
MiniRocket,FaceAll,0.804,2.81,5.6,9996
Hydra,FacesUCR,0.957,0.8,7.29,5120
Rocket,Earthquakes,0.748,52.41,21.52,20000
Rocket,FaceFour,0.977,2.88,9.51,20000
MiniRocket,FacesUCR,0.956,1.0,6.52,9996
Hydra,FiftyWords,0.82,4.22,3.4,6144
Hydra,Fish,0.983,2.15,1.96,6144
MiniRocket,FiftyWords,0.835,3.96,3.21,9996
MultiRocket,EOGHorizontalSignal,0.644,34.7,30.6,49728
MultiRocket,FaceAll,0.803,10.85,18.46,49728
MiniRocket,Fish,0.971,2.41,2.14,9996
MultiRocket,Fish,0.983,6.16,5.13,49728
Rocket,Computers,0.76,58.91,53.89,20000
MultiRocket,FacesUCR,0.961,3.82,22.54,49728
MultiRocket,FiftyWords,0.855,11.2,8.01,49728
MultiRocket,EOGVerticalSignal,0.536,35.52,31.67,49728
MiniRocket,EthanolLevel,0.61,23.81,22.53,9996
Hydra,EthanolLevel,0.578,29.96,28.89,8192
Hydra,Crop,0.721,115.03,12.14,3072
Rocket,Fish,0.983,25.06,24.6,20000
Hydra,FreezerRegularTrain,0.997,1.48,26.56,6144
MultiRocket,CinCECGTorso,0.951,6.65,151.7,49728
Rocket,FiftyWords,0.829,37.53,38.2,20000
Rocket,FaceAll,0.95,24.5,67.31,20000
MiniRocket,FreezerRegularTrain,0.999,1.43,21.07,9996
Hydra,GunPoint,1.0,0.18,0.55,5120
Rocket,FacesUCR,0.962,8.56,81.8,20000
MultiRocket,GunPoint,1.0,1.31,1.99,49728
MiniRocket,GunPoint,0.993,0.4,0.64,9996
Hydra,FreezerSmallTrain,0.895,0.27,26.76,6144
Hydra,GunPointAgeSpan,1.0,0.65,1.05,5120
MultiRocket,EthanolLevel,0.634,60.29,55.52,49728
MiniRocket,GunPointAgeSpan,0.994,0.78,1.23,9996
Rocket,GunPoint,1.0,2.59,7.1,20000
MultiRocket,GunPointAgeSpan,1.0,2.68,3.65,49728
Hydra,GunPointMaleVersusFemale,1.0,0.52,1.05,5120
MiniRocket,GunPointMaleVersusFemale,1.0,0.78,1.25,9996
Hydra,GunPointOldVersusYoung,1.0,0.49,1.06,5120
MultiRocket,GunPointMaleVersusFemale,1.0,2.68,3.65,49728
MiniRocket,FreezerSmallTrain,0.967,0.47,21.43,9996
MiniRocket,GunPointOldVersusYoung,1.0,0.88,1.24,9996
MultiRocket,GunPointOldVersusYoung,1.0,2.64,3.57,49728
Hydra,Ham,0.762,1.4,1.28,6144
MultiRocket,FreezerRegularTrain,1.0,4.99,67.97,49728
Rocket,GunPointAgeSpan,0.997,6.6,14.42,20000
MiniRocket,Ham,0.714,1.48,1.23,9996
MultiRocket,Ham,0.724,4.12,3.34,49728
Rocket,GunPointMaleVersusFemale,1.0,6.63,14.58,20000
Rocket,GunPointOldVersusYoung,0.99,6.75,14.47,20000
Rocket,ChlorineConcentration,0.817,25.67,199.54,20000
Hydra,FordA,0.962,96.76,18.95,6144
MiniRocket,FordB,0.812,97.26,10.22,9996
Hydra,FordB,0.819,100.86,11.56,6144
Rocket,Ham,0.705,14.76,14.11,20000
MiniRocket,FordA,0.948,97.98,16.35,9996
Hydra,Herring,0.672,1.05,0.85,6144
MultiRocket,FreezerSmallTrain,0.995,1.49,68.16,49728
MiniRocket,Herring,0.656,1.05,0.88,9996
Hydra,Haptics,0.529,5.56,10.73,8192
MultiRocket,Herring,0.703,3.17,2.63,49728
Rocket,ECG5000,0.948,22.8,191.32,20000
MiniRocket,Haptics,0.539,4.85,8.67,9996
Hydra,HouseTwenty,0.966,2.96,8.75,8192
MiniRocket,HouseTwenty,0.966,2.61,6.24,9996
Rocket,Herring,0.703,9.7,9.61,20000
MultiRocket,Haptics,0.565,11.98,20.72,49728
Hydra,InsectEPGRegularTrain,1.0,1.17,4.83,7168
MultiRocket,HouseTwenty,0.992,7.21,17.73,49728
MiniRocket,InsectEPGRegularTrain,1.0,1.23,3.84,9996
MultiRocket,InsectEPGRegularTrain,1.0,4.02,12.17,49728
Hydra,InsectEPGSmallTrain,1.0,0.3,5.05,7168
MiniRocket,InlineSkate,0.473,5.38,26.6,9996
MultiRocket,InsectEPGSmallTrain,1.0,1.73,12.49,49728
MiniRocket,InsectEPGSmallTrain,0.992,0.57,3.87,9996
Hydra,InlineSkate,0.496,6.81,36.85,8192
Hydra,InsectWingbeatSound,0.651,1.45,11.92,5120
Rocket,InsectEPGRegularTrain,1.0,11.56,44.87,20000
Hydra,ItalyPowerDemand,0.965,0.03,0.23,2048
MiniRocket,InsectWingbeatSound,0.677,1.85,12.68,9996
MultiRocket,ItalyPowerDemand,0.97,0.98,3.48,49728
Rocket,InsectEPGSmallTrain,0.976,3.35,44.74,20000
Rocket,EOGHorizontalSignal,0.641,140.23,139.48,20000
MiniRocket,ItalyPowerDemand,0.966,0.24,0.71,9996
MiniRocket,HandOutlines,0.935,73.74,26.13,9996
Rocket,ItalyPowerDemand,0.968,0.88,8.53,20000
MultiRocket,InsectWingbeatSound,0.675,5.44,32.97,49728
Hydra,ElectricDevices,0.727,280.32,14.0,4096
Rocket,EOGVerticalSignal,0.547,140.29,138.2,20000
Hydra,Lightning2,0.754,1.37,1.33,7168
Hydra,Lightning7,0.808,0.71,0.67,6144
MiniRocket,Lightning2,0.738,1.23,1.07,9996
MultiRocket,Lightning2,0.689,4.08,3.6,49728
Hydra,LargeKitchenAppliances,0.867,7.67,7.18,7168
MiniRocket,Lightning7,0.822,0.83,0.7,9996
MultiRocket,Lightning7,0.836,2.82,2.4,49728
MiniRocket,LargeKitchenAppliances,0.861,7.57,6.92,9996
MultiRocket,InlineSkate,0.471,15.28,75.07,49728
Rocket,HouseTwenty,0.966,26.62,77.02,20000
Hydra,Meat,0.883,0.76,0.65,6144
MultiRocket,Meat,0.933,2.57,2.16,49728
Rocket,Lightning7,0.822,6.87,6.81,20000
MiniRocket,Meat,0.95,1.04,0.78,9996
Hydra,HandOutlines,0.943,96.93,35.02,9216
Hydra,MedicalImages,0.761,0.93,1.4,4096
MiniRocket,MedicalImages,0.797,1.47,1.82,9996
Hydra,MiddlePhalanxOutlineAgeGroup,0.604,0.84,0.22,4096
Rocket,Lightning2,0.754,11.94,11.97,20000
MultiRocket,LargeKitchenAppliances,0.888,18.17,15.41,49728
Rocket,Meat,0.95,8.49,8.35,20000
MiniRocket,MiddlePhalanxOutlineAgeGroup,0.604,1.46,0.39,9996
MultiRocket,MedicalImages,0.799,5.67,6.01,49728
Hydra,MiddlePhalanxOutlineCorrect,0.808,1.45,0.46,4096
MultiRocket,MiddlePhalanxOutlineAgeGroup,0.63,5.66,1.49,49728
Hydra,MiddlePhalanxTW,0.545,0.81,0.21,4096
MiniRocket,MiddlePhalanxOutlineCorrect,0.849,2.32,0.63,9996
MiniRocket,Crop,0.749,335.12,18.79,9996
MiniRocket,MiddlePhalanxTW,0.539,1.41,0.38,9996
Rocket,MiddlePhalanxOutlineAgeGroup,0.604,11.06,3.97,20000
MultiRocket,MiddlePhalanxOutlineCorrect,0.863,8.75,2.39,49728
MultiRocket,MiddlePhalanxTW,0.539,5.7,1.49,49728
Rocket,MiddlePhalanxTW,0.558,10.99,3.96,20000
Rocket,Haptics,0.523,51.22,101.19,20000
Rocket,MiddlePhalanxOutlineCorrect,0.852,16.76,7.34,20000
Rocket,MedicalImages,0.796,12.63,22.92,20000
MultiRocket,FordB,0.838,239.73,25.2,49728
Hydra,MoteStrain,0.932,0.05,2.09,4096
MultiRocket,FordA,0.957,233.77,41.68,49728
MultiRocket,MoteStrain,0.946,0.87,9.05,49728
MiniRocket,MoteStrain,0.932,0.29,2.47,9996
Hydra,Mallat,0.946,1.4,63.12,7168
MiniRocket,Mallat,0.953,1.79,61.02,9996
Rocket,FreezerRegularTrain,0.998,13.93,258.09,20000
Rocket,MoteStrain,0.914,0.77,32.08,20000
Rocket,FreezerSmallTrain,0.943,2.83,256.89,20000
MiniRocket,MixedShapesRegularTrain,0.972,14.12,62.98,9996
Hydra,MixedShapesSmallTrain,0.964,2.77,68.91,7168
MiniRocket,MixedShapesSmallTrain,0.955,3.0,63.1,9996
Hydra,OliveOil,0.933,0.53,0.46,7168
Hydra,MixedShapesRegularTrain,0.981,15.35,69.48,7168
Rocket,InsectWingbeatSound,0.659,17.68,152.04,20000
MiniRocket,OliveOil,0.933,0.7,0.54,9996
MultiRocket,OliveOil,0.967,1.92,1.53,49728
MultiRocket,HandOutlines,0.954,182.67,64.36,49728
Hydra,OSULeaf,0.983,2.36,2.68,6144
Rocket,OliveOil,0.933,5.52,5.39,20000
MiniRocket,OSULeaf,0.955,2.51,2.68,9996
MultiRocket,OSULeaf,0.963,7.18,7.09,49728
Hydra,PhalangesOutlinesCorrect,0.815,8.7,1.27,4096
MultiRocket,Mallat,0.926,4.33,136.52,49728
Rocket,LargeKitchenAppliances,0.907,82.79,82.43,20000
MiniRocket,PhalangesOutlinesCorrect,0.834,12.5,1.65,9996
MiniRocket,NonInvasiveFetalECGThorax1,0.947,43.87,37.29,9996
Hydra,NonInvasiveFetalECGThorax1,0.941,49.31,45.34,7168
Hydra,PickupGestureWiimoteZ,0.82,0.61,0.55,6144
MultiRocket,PickupGestureWiimoteZ,0.82,2.33,1.97,49728
MultiRocket,PhalangesOutlinesCorrect,0.853,40.48,5.91,49728
Rocket,OSULeaf,0.946,25.96,29.67,20000
Rocket,PickupGestureWiimoteZ,0.84,5.78,5.66,20000
MiniRocket,PickupGestureWiimoteZ,0.86,0.73,0.57,9996
Hydra,NonInvasiveFetalECGThorax2,0.963,48.94,44.93,7168
MiniRocket,PigAirwayPressure,0.865,5.97,10.82,9996
Hydra,PigAirwayPressure,0.572,7.65,14.02,8192
MiniRocket,NonInvasiveFetalECGThorax2,0.962,43.88,37.37,9996
MultiRocket,MixedShapesSmallTrain,0.965,7.9,152.38,49728
Rocket,PhalangesOutlinesCorrect,0.833,58.35,21.16,20000
Hydra,Phoneme,0.261,7.36,63.15,7168
MiniRocket,Phoneme,0.288,6.14,49.52,9996
Hydra,PigArtPressure,0.986,6.76,13.43,8192
MiniRocket,PigArtPressure,0.981,5.59,10.26,9996
Hydra,Plane,1.0,0.34,0.29,5120
MultiRocket,PigAirwayPressure,0.606,16.47,29.88,49728
MultiRocket,MixedShapesRegularTrain,0.982,36.5,156.18,49728
MiniRocket,Plane,1.0,0.65,0.47,9996
MultiRocket,Plane,1.0,2.21,1.6,49728
Hydra,PowerCons,0.978,0.68,0.58,5120
MultiRocket,PowerCons,0.983,3.49,2.54,49728
Rocket,Plane,1.0,4.95,4.73,20000
MiniRocket,PowerCons,0.989,0.9,0.7,9996
Hydra,ProximalPhalanxOutlineAgeGroup,0.863,0.92,0.28,4096
Hydra,PigCVP,0.947,7.48,14.86,8192
MiniRocket,PigCVP,0.952,5.93,10.79,9996
MiniRocket,ProximalPhalanxOutlineAgeGroup,0.849,1.43,0.48,9996
Hydra,ProximalPhalanxOutlineCorrect,0.876,1.41,0.4,4096
MultiRocket,PigArtPressure,0.952,13.89,25.67,49728
MultiRocket,ProximalPhalanxOutlineAgeGroup,0.854,5.43,1.8,49728
MiniRocket,ProximalPhalanxOutlineCorrect,0.907,2.36,0.64,9996
Hydra,ProximalPhalanxTW,0.81,0.8,0.28,4096
Rocket,PowerCons,0.933,8.33,8.02,20000
MiniRocket,ProximalPhalanxTW,0.82,1.43,0.49,9996
MultiRocket,ProximalPhalanxOutlineCorrect,0.928,8.74,2.32,49728
MultiRocket,ProximalPhalanxTW,0.824,5.53,1.82,49728
Rocket,ProximalPhalanxOutlineAgeGroup,0.854,11.03,5.21,20000
Rocket,ProximalPhalanxTW,0.824,10.83,4.92,20000
Rocket,ProximalPhalanxOutlineCorrect,0.897,16.67,7.31,20000
MultiRocket,PigCVP,0.88,16.69,30.37,49728
Hydra,RefrigerationDevices,0.477,9.46,8.9,7168
Hydra,Rock,0.86,2.04,5.16,9216
MiniRocket,RefrigerationDevices,0.488,7.54,6.87,9996
MiniRocket,Rock,0.78,2.12,3.82,9996
Rocket,EthanolLevel,0.578,274.72,270.41,20000
MultiRocket,NonInvasiveFetalECGThorax1,0.958,114.08,91.21,49728
MultiRocket,Rock,0.86,5.15,9.49,49728
Hydra,ScreenType,0.475,7.96,7.5,7168
MiniRocket,ScreenType,0.469,7.48,6.85,9996
MultiRocket,RefrigerationDevices,0.52,22.69,20.02,49728
MultiRocket,Phoneme,0.353,16.56,130.05,49728
Rocket,InlineSkate,0.462,60.58,332.4,20000
MultiRocket,NonInvasiveFetalECGThorax2,0.968,113.21,92.35,49728
MultiRocket,ScreenType,0.552,20.31,17.17,49728
MiniRocket,ElectricDevices,0.746,602.25,17.18,9996
MiniRocket,SemgHandGenderCh2,0.902,12.21,23.16,9996
Rocket,Rock,0.9,17.94,49.18,20000
Hydra,SemgHandGenderCh2,0.835,18.23,35.63,8192
Hydra,ShakeGestureWiimoteZ,0.88,0.54,0.51,6144
MultiRocket,ShakeGestureWiimoteZ,0.94,2.24,1.87,49728
MiniRocket,SemgHandMovementCh2,0.702,18.45,17.15,9996
MiniRocket,ShakeGestureWiimoteZ,0.88,0.75,0.6,9996
Hydra,ShapeletSim,0.989,0.31,2.89,6144
MultiRocket,Crop,0.774,604.08,78.7,49728
Rocket,ShakeGestureWiimoteZ,0.9,6.15,6.03,20000
Hydra,SemgHandMovementCh2,0.509,28.0,27.31,8192
MiniRocket,ShapeletSim,1.0,0.52,2.4,9996
MultiRocket,ShapeletSim,1.0,1.73,8.53,49728
Hydra,SemgHandSubjectCh2,0.762,27.9,27.58,8192
Hydra,ShapesAll,0.928,8.96,8.08,6144
MiniRocket,SemgHandSubjectCh2,0.862,18.49,17.68,9996
Rocket,ShapeletSim,1.0,3.27,26.14,20000
Rocket,PigAirwayPressure,0.087,68.28,130.42,20000
MiniRocket,ShapesAll,0.92,9.12,7.84,9996
Hydra,SmoothSubspace,0.967,0.04,0.01,1024
MultiRocket,SmoothSubspace,0.973,1.69,0.93,49728
Hydra,SmallKitchenAppliances,0.808,7.92,7.42,7168
Rocket,SmoothSubspace,0.98,1.26,0.99,20000
MiniRocket,SmoothSubspace,0.96,0.35,0.16,9996
Hydra,SonyAIBORobotSurface1,0.907,0.05,0.88,4096
MiniRocket,SmallKitchenAppliances,0.819,7.49,6.88,9996
MiniRocket,SonyAIBORobotSurface1,0.889,0.21,1.0,9996
MultiRocket,SonyAIBORobotSurface1,0.887,0.77,4.26,49728
Hydra,SonyAIBORobotSurface2,0.956,0.05,1.29,4096
MultiRocket,ShapesAll,0.928,24.43,19.91,49728
MultiRocket,SemgHandGenderCh2,0.943,40.78,76.88,49728
MultiRocket,SonyAIBORobotSurface2,0.939,0.83,6.24,49728
MiniRocket,SonyAIBORobotSurface2,0.91,0.22,1.43,9996
Rocket,PigArtPressure,0.957,68.51,132.14,20000
Rocket,SonyAIBORobotSurface1,0.917,0.67,13.02,20000
Rocket,Crop,0.753,495.19,246.23,20000
MultiRocket,SmallKitchenAppliances,0.821,18.98,16.51,49728
Hydra,Strawberry,0.97,3.93,1.95,5120
Rocket,RefrigerationDevices,0.533,80.38,79.33,20000
MultiRocket,SemgHandMovementCh2,0.802,59.37,55.05,49728
Hydra,SwedishLeaf,0.968,1.45,1.38,4096
Rocket,SonyAIBORobotSurface2,0.915,0.77,19.03,20000
MiniRocket,Strawberry,0.981,4.76,2.21,9996
Rocket,PigCVP,0.938,68.05,132.46,20000
MiniRocket,SwedishLeaf,0.966,2.4,1.92,9996
MultiRocket,Strawberry,0.976,14.32,6.07,49728
MultiRocket,SwedishLeaf,0.976,8.34,6.22,49728
Hydra,SyntheticControl,0.98,0.37,0.25,3072
Hydra,Symbols,0.858,0.22,10.45,6144
MultiRocket,SemgHandSubjectCh2,0.916,61.35,57.64,49728
MiniRocket,SyntheticControl,0.98,0.93,0.52,9996
MultiRocket,SyntheticControl,0.997,3.84,2.17,49728
Hydra,ToeSegmentation1,0.965,0.32,1.91,6144
MiniRocket,Symbols,0.982,0.47,9.92,9996
Rocket,ScreenType,0.485,83.14,82.04,20000
MiniRocket,ToeSegmentation1,0.961,0.5,1.65,9996
Hydra,ToeSegmentation2,0.892,0.34,1.24,6144
MultiRocket,ToeSegmentation1,0.947,1.5,4.89,49728
Rocket,SyntheticControl,1.0,6.53,5.78,20000
MiniRocket,ToeSegmentation2,0.915,0.51,1.13,9996
Hydra,Trace,1.0,0.84,0.77,6144
MultiRocket,ToeSegmentation2,0.908,1.67,3.6,49728
MultiRocket,Symbols,0.981,1.44,25.33,49728
MiniRocket,Trace,1.0,0.95,0.79,9996
MultiRocket,Trace,1.0,3.08,2.51,49728
Hydra,TwoLeadECG,0.999,0.04,1.76,4096
MiniRocket,TwoLeadECG,0.998,0.23,2.24,9996
MultiRocket,TwoLeadECG,0.998,0.86,8.07,49728
Rocket,SwedishLeaf,0.966,19.86,22.92,20000
Rocket,ToeSegmentation2,0.923,3.97,13.58,20000
Rocket,ToeSegmentation1,0.965,3.59,19.17,20000
Hydra,UMD,0.993,0.14,0.55,5120
Rocket,Trace,1.0,8.61,8.46,20000
MultiRocket,UMD,0.993,1.16,2.16,49728
MiniRocket,UMD,0.993,0.33,0.63,9996
Hydra,TwoPatterns,0.976,4.07,10.41,4096
Rocket,UMD,0.993,1.92,6.75,20000
Rocket,TwoLeadECG,0.999,0.8,27.68,20000
MiniRocket,TwoPatterns,0.997,5.72,11.95,9996
Rocket,Strawberry,0.981,45.45,26.27,20000
Rocket,CinCECGTorso,0.837,21.4,820.26,20000
Rocket,FordB,0.807,618.23,122.07,20000
Hydra,UWaveGestureLibraryX,0.848,9.02,29.44,6144
MultiRocket,TwoPatterns,1.0,21.64,44.72,49728
Rocket,SmallKitchenAppliances,0.821,79.52,79.85,20000
Rocket,ShapesAll,0.907,93.03,90.58,20000
Rocket,Symbols,0.974,3.33,119.82,20000
MiniRocket,UWaveGestureLibraryX,0.846,9.37,27.91,9996
Hydra,UWaveGestureLibraryY,0.79,8.86,29.72,6144
Rocket,FordA,0.95,611.77,199.66,20000
MultiRocket,UWaveGestureLibraryX,0.872,26.53,69.42,49728
MiniRocket,UWaveGestureLibraryY,0.771,9.43,27.69,9996
Hydra,UWaveGestureLibraryZ,0.788,9.13,30.12,6144
MiniRocket,UWaveGestureLibraryAll,0.973,22.82,83.14,9996
Hydra,UWaveGestureLibraryAll,0.973,26.31,98.49,7168
Hydra,Wine,0.907,0.3,0.25,5120
MultiRocket,Wine,0.87,1.72,1.33,49728
Hydra,Wafer,1.0,5.52,22.84,5120
Rocket,Wine,0.778,4.3,4.0,20000
MiniRocket,Wine,0.907,0.55,0.42,9996
Hydra,WordSynonyms,0.743,2.02,4.46,6144
MiniRocket,UWaveGestureLibraryZ,0.795,9.42,27.93,9996
MiniRocket,Wafer,1.0,6.03,21.24,9996
MultiRocket,UWaveGestureLibraryY,0.805,26.76,70.27,49728
MiniRocket,WordSynonyms,0.754,2.28,4.39,9996
MultiRocket,WordSynonyms,0.777,6.49,10.84,49728
Hydra,Worms,0.753,5.18,2.11,7168
MiniRocket,Worms,0.766,4.65,1.88,9996
Hydra,WormsTwoClass,0.727,5.05,2.1,7168
MultiRocket,Worms,0.753,13.14,5.33,49728
Rocket,TwoPatterns,1.0,41.67,148.26,20000
MiniRocket,WormsTwoClass,0.792,4.56,1.87,9996
Hydra,StarLightCurves,0.981,26.61,199.3,7168
MultiRocket,UWaveGestureLibraryZ,0.815,26.59,69.75,49728
MultiRocket,WormsTwoClass,0.792,12.76,5.44,49728
MiniRocket,StarLightCurves,0.981,28.8,213.34,9996
MultiRocket,Wafer,0.999,21.79,70.64,49728
Rocket,SemgHandGenderCh2,0.908,134.99,267.16,20000
Hydra,Yoga,0.93,3.42,33.6,6144
MiniRocket,Yoga,0.908,3.71,31.55,9996
Rocket,WordSynonyms,0.754,22.4,51.89,20000
Rocket,SemgHandMovementCh2,0.667,201.14,201.55,20000
Rocket,Worms,0.74,50.36,21.25,20000
Rocket,WormsTwoClass,0.805,49.76,19.4,20000
MultiRocket,Yoga,0.919,10.39,80.98,49728
Rocket,SemgHandSubjectCh2,0.887,209.09,207.63,20000
Rocket,Mallat,0.956,17.62,735.85,20000
MultiRocket,ElectricDevices,0.737,1018.38,55.55,49728
MultiRocket,UWaveGestureLibraryAll,0.981,65.27,223.8,49728
Rocket,Phoneme,0.276,68.26,594.6,20000
Rocket,MixedShapesSmallTrain,0.94,32.06,759.82,20000
Rocket,ElectricDevices,0.73,937.2,223.18,20000
MultiRocket,StarLightCurves,0.982,63.43,410.18,49728
Rocket,Wafer,0.999,50.18,280.42,20000
Rocket,UWaveGestureLibraryX,0.853,95.73,337.93,20000
Rocket,NonInvasiveFetalECGThorax1,0.951,424.76,446.59,20000
Rocket,UWaveGestureLibraryY,0.774,91.72,316.53,20000
Rocket,NonInvasiveFetalECGThorax2,0.969,414.02,422.85,20000
Rocket,UWaveGestureLibraryZ,0.798,92.38,336.81,20000
Rocket,Yoga,0.916,39.41,383.85,20000
Rocket,HandOutlines,0.943,908.13,323.87,20000
Rocket,MixedShapesRegularTrain,0.969,159.59,937.66,20000
Rocket,UWaveGestureLibraryAll,0.976,386.11,1030.63,20000
Rocket,StarLightCurves,0.979,337.8,3227.28,20000
WEASEL,Chinatown,0.948,23.11,3.15,70,-0.11383684545206563
WEASEL,BME,0.913,32.27,3.53,4311,-0.1804517152390545
WEASEL,BeetleFly,0.75,26.96,0.56,7641,-0.21368370961883007
WEASEL,Car,0.917,25.37,1.2,13851,-0.21837233663183753
WEASEL,Coffee,1.0,27.19,0.65,3967,-0.10638537978903537
WEASEL,Beef,0.833,25.22,3.44,5496,-0.4915846265283841
WEASEL,BirdChicken,0.9,26.05,3.57,6581,-0.23184442612348524
WEASEL,ArrowHead,0.874,26.16,4.06,11681,-0.2218089072461926
WEASEL,CBF,0.993,24.84,5.52,2128,-0.11356985996980754
WEASEL,DiatomSizeReduction,0.899,0.81,3.38,6502,-0.17029433879437528
WEASEL,Adiac,0.808,38.3,2.23,34833,-0.04800752490599763
WEASEL 2.0,Coffee,1.0,28.54,6.57,21448,-0.11444452589075102
WEASEL 2.0,Chinatown,0.977,28.78,7.05,21448,-0.1563928374256385
WEASEL 2.0,BeetleFly,0.95,28.94,6.57,21448,-0.29453465996369954
WEASEL 2.0,BirdChicken,0.9,29.18,6.31,21448,-0.27162546035218094
WEASEL 2.0,Car,0.917,37.32,1.99,21448,-0.19155386247946418
WEASEL,DistalPhalanxOutlineAgeGroup,0.777,5.18,0.4,30540,-0.3079742492281764
WEASEL 2.0,DistalPhalanxOutlineAgeGroup,0.77,8.4,1.06,45200,-0.2945218204551255
WEASEL 2.0,DiatomSizeReduction,0.967,0.98,9.42,21448,-0.1938307376211232
WEASEL 2.0,BME,0.98,40.02,8.04,21448,-0.15673907928407949
WEASEL 2.0,Beef,0.833,32.37,7.49,21448,-0.40553023410236555
WEASEL 2.0,ECG200,0.89,1.8,0.47,21448,-0.3409392726673157
WEASEL,ECG200,0.85,2.18,0.32,7324,-0.258176645131315
WEASEL 2.0,ArrowHead,0.857,33.55,10.07,21448,-0.31579270881423027
WEASEL,DistalPhalanxTW,0.669,7.16,0.62,47574,-0.18277229364667028
WEASEL,ACSF1,0.87,46.59,7.4,165267,-0.25193181523467856
WEASEL,ECGFiveDays,0.997,1.02,2.67,1625,-0.06966442094175768
WEASEL 2.0,DistalPhalanxTW,0.691,8.81,1.17,45200,-0.18300605669210473
WEASEL,DistalPhalanxOutlineCorrect,0.761,9.48,0.94,10571,-0.4190791535270957
WEASEL 2.0,CBF,0.982,32.16,14.23,21448,-0.197450935797875
WEASEL 2.0,ECGFiveDays,0.972,0.42,7.62,21448,-0.2792292643232034
WEASEL,CricketY,0.795,19.67,4.08,94904,-0.13152849171592582
WEASEL 2.0,ACSF1,0.96,42.51,8.27,21448,-0.19031927970761234
WEASEL,CricketX,0.764,46.36,4.82,91080,-0.1433642456944428
WEASEL,CricketZ,0.792,19.69,4.35,73819,-0.1455401706227676
WEASEL 2.0,DistalPhalanxOutlineCorrect,0.783,14.26,2.29,45200,-0.40345146483301103
WEASEL,ChlorineConcentration,0.728,29.37,22.7,12084,-0.4571947462606004
WEASEL,FaceFour,0.966,1.33,0.91,9938,-0.13324770540676098
WEASEL 2.0,FaceFour,0.943,0.78,1.62,21448,-0.27311942552546337
WEASEL,Earthquakes,0.741,18.05,2.75,61613,-0.36957676015478574
WEASEL,FacesUCR,0.891,3.54,8.55,19727,-0.09169417231615228
WEASEL 2.0,Fish,0.989,6.14,4.28,21448,-0.09103665434693532
WEASEL 2.0,Adiac,0.841,56.27,12.75,73584,-0.045819238966615786
WEASEL,Fish,0.983,6.85,2.43,49065,-0.0829028650183231
WEASEL,FaceAll,0.788,12.71,7.42,64922,-0.03006018978398479
WEASEL,ECG5000,0.943,10.51,18.57,44407,-0.07364574074017084
WEASEL,Computers,0.716,62.99,8.35,90949,-0.828907928638599
WEASEL 2.0,FacesUCR,0.947,3.13,16.1,21448,-0.07414308903014713
WEASEL 2.0,CricketZ,0.808,30.17,20.1,73584,-0.12978521166166576
WEASEL 2.0,GunPoint,1.0,0.78,1.09,21448,-0.07736770487800304
WEASEL,GunPoint,1.0,1.84,0.6,3748,-0.07980611930668037
WEASEL 2.0,CricketY,0.808,35.23,20.59,73584,-0.12756168892097566
WEASEL 2.0,CricketX,0.815,63.66,22.12,73584,-0.12522536759133493
WEASEL 2.0,GunPointAgeSpan,1.0,1.96,2.42,21448,-0.059500604236457824
WEASEL,GunPointAgeSpan,0.994,3.6,1.05,11093,-0.07428842381855189
WEASEL,FiftyWords,0.771,29.76,4.65,215063,-0.041830936913210555
WEASEL 2.0,GunPointMaleVersusFemale,0.997,2.0,2.63,21448,-0.034127278923800346
WEASEL,GunPointMaleVersusFemale,0.991,3.58,1.21,9623,-0.019965891899957185
WEASEL 2.0,GunPointOldVersusYoung,0.994,1.92,2.42,21448,-0.06066041801348063
WEASEL,GunPointOldVersusYoung,0.987,2.87,1.16,8045,-0.019138887567702982
WEASEL 2.0,Ham,0.752,3.57,2.35,21448,-0.32342877043694757
WEASEL,Ham,0.705,5.95,1.31,7824,-0.30145424853731756
WEASEL 2.0,Earthquakes,0.748,48.43,15.02,73584,-0.5902631689281791
WEASEL 2.0,FiftyWords,0.835,30.14,17.64,73584,-0.036187044481200144
WEASEL 2.0,Herring,0.672,2.56,1.71,21448,-0.9391841148677256
WEASEL,Herring,0.594,3.01,0.96,3025,-0.33281030162199027
WEASEL 2.0,FaceAll,0.785,25.96,39.49,73584,-0.03645754461080229
WEASEL,FreezerSmallTrain,0.97,3.6,38.02,3517,-0.15618071769731778
WEASEL,FreezerRegularTrain,0.984,8.67,37.45,17008,-0.05631849659306241
WEASEL 2.0,Computers,0.692,81.71,40.47,73584,-0.5367665740173645
WEASEL 2.0,HouseTwenty,0.966,6.35,13.84,21448,-0.14767850597414683
WEASEL 2.0,Haptics,0.49,12.06,19.08,21448,-0.5295470593296706
WEASEL,Haptics,0.364,13.68,16.36,30284,-0.8378695657274446
WEASEL 2.0,InsectEPGRegularTrain,1.0,2.89,8.51,21448,-0.01517069715244653
WEASEL,InsectEPGRegularTrain,1.0,4.86,6.54,68354,-0.0063637011445196855
WEASEL 2.0,FreezerSmallTrain,0.974,0.75,59.38,21448,-0.1590440670731315
WEASEL,ItalyPowerDemand,0.945,0.39,0.21,373,-0.17721180831927397
WEASEL 2.0,InsectEPGSmallTrain,0.984,0.98,8.81,21448,-0.07873852566931507
WEASEL 2.0,FreezerRegularTrain,0.993,4.13,59.16,21448,-0.06366818663191018
WEASEL 2.0,ItalyPowerDemand,0.959,0.56,2.25,21448,-0.1885470887454741
WEASEL,HouseTwenty,0.95,19.44,11.2,60303,-0.13758031923034805
WEASEL,InsectEPGSmallTrain,1.0,2.61,6.06,28143,-0.029372616557835872
WEASEL 2.0,Lightning7,0.836,1.8,1.16,21448,-0.2705604933119615
WEASEL 2.0,Lightning2,0.738,3.16,2.12,21448,-0.6958352070591949
WEASEL,Lightning7,0.808,2.73,0.78,36647,-0.2897890909070724
WEASEL,Lightning2,0.721,4.6,1.37,7822,-0.4077037328129856
WEASEL 2.0,Meat,0.917,2.02,1.4,21448,-0.07677457559955378
WEASEL,Meat,0.85,2.11,0.86,11995,-0.05650439774819272
WEASEL,CinCECGTorso,0.991,22.77,120.49,58523,-0.10874558963416651
WEASEL,InsectWingbeatSound,0.637,7.2,17.53,68437,-0.21328952903499918
WEASEL,MedicalImages,0.732,9.08,3.32,67189,-0.1624157893832681
WEASEL,EOGHorizontalSignal,0.511,90.57,24.12,381068,-0.16254904459814626
WEASEL 2.0,MiddlePhalanxOutlineAgeGroup,0.61,9.26,1.33,45200,-0.36399688416549764
WEASEL,EOGVerticalSignal,0.315,93.08,22.0,332294,-0.2031722582972159
WEASEL,MiddlePhalanxOutlineAgeGroup,0.617,5.3,0.47,24449,-0.362639350978947
WEASEL 2.0,MedicalImages,0.78,8.96,8.83,45200,-0.15428770319899107
WEASEL,MiddlePhalanxOutlineCorrect,0.763,6.64,0.66,6241,-0.4140287694988073
WEASEL,MiddlePhalanxTW,0.565,5.96,0.5,23266,-0.30859927687266586
WEASEL 2.0,InsectWingbeatSound,0.636,4.6,32.04,21448,-0.21746151006161832
WEASEL 2.0,MiddlePhalanxTW,0.558,8.55,1.2,45200,-0.3063152178360926
WEASEL 2.0,MiddlePhalanxOutlineCorrect,0.835,13.33,2.36,45200,-0.4343898634252627
WEASEL,LargeKitchenAppliances,0.675,26.55,11.53,80795,-0.5774011776952813
WEASEL,MoteStrain,0.95,1.86,3.58,1250,-0.27695914248839937
WEASEL 2.0,MoteStrain,0.961,0.36,7.21,21448,-0.3190859204800349
WEASEL 2.0,ECG5000,0.948,21.42,116.8,73584,-0.06670764185111384
WEASEL 2.0,OliveOil,0.967,1.21,0.78,21448,-0.2667020021295154
WEASEL,EthanolLevel,0.52,87.47,44.49,43518,-0.48882392966941857
WEASEL,OliveOil,0.9,1.51,0.54,1585,-0.13916059800134814
WEASEL,InlineSkate,0.567,19.68,52.78,74477,-0.31974211941516184
WEASEL 2.0,OSULeaf,0.967,6.72,5.56,21448,-0.10354148838563165
WEASEL 2.0,CinCECGTorso,0.962,27.75,163.03,21448,-0.19903159674428256
WEASEL,OSULeaf,0.975,9.72,4.14,90194,-0.11380607733992666
WEASEL 2.0,InlineSkate,0.444,13.71,68.38,21448,-0.44412128075677304
WEASEL 2.0,PickupGestureWiimoteZ,0.78,1.54,0.99,21448,-0.1975796755319738
WEASEL,PickupGestureWiimoteZ,0.68,3.9,0.97,27664,-0.22543799116255608
WEASEL 2.0,ChlorineConcentration,0.767,52.8,171.6,73584,-0.45140931474429447
WEASEL,PhalangesOutlinesCorrect,0.797,29.22,2.21,10402,-0.46199541632836527
WEASEL 2.0,PigAirwayPressure,0.938,15.24,25.06,21448,-0.06502988192875268
WEASEL 2.0,EOGVerticalSignal,0.472,118.16,89.71,73584,-0.13342227490490072
WEASEL 2.0,PhalangesOutlinesCorrect,0.844,57.22,8.31,45200,-0.4278832357041438
WEASEL 2.0,EOGHorizontalSignal,0.608,123.31,95.46,73584,-0.1109020456309042
WEASEL 2.0,Plane,1.0,1.45,0.73,21448,-0.00883016458733044
WEASEL 2.0,PigArtPressure,0.986,14.96,24.02,21448,-0.03186389463574226
WEASEL 2.0,LargeKitchenAppliances,0.821,72.63,59.88,73584,-0.3103730375718483
WEASEL,Plane,1.0,3.21,0.55,28701,-0.01074314741291819
WEASEL 2.0,PowerCons,0.928,2.6,1.42,21448,-0.28188149005794705
WEASEL,PowerCons,0.956,4.21,0.6,7901,-0.22240427964967072
WEASEL,ProximalPhalanxOutlineAgeGroup,0.839,5.46,0.62,16668,-0.31397013889619474
WEASEL 2.0,ProximalPhalanxOutlineAgeGroup,0.863,9.01,1.75,45200,-0.29867762939227016
WEASEL,Mallat,0.947,5.24,133.26,28379,-0.12016027649356596
WEASEL,ProximalPhalanxOutlineCorrect,0.887,7.8,0.82,9916,-0.3608063570810215
WEASEL 2.0,ProximalPhalanxOutlineCorrect,0.911,13.58,2.41,45200,-0.36815320620813224
WEASEL 2.0,ProximalPhalanxTW,0.81,8.97,1.69,45200,-0.16354523175717375
WEASEL 2.0,PigCVP,0.966,13.91,21.43,21448,-0.04482338772177544
WEASEL,PigAirwayPressure,0.803,44.3,21.65,150498,-0.08528486032089308
WEASEL,ProximalPhalanxTW,0.81,5.66,0.61,23803,-0.17242066320108176
WEASEL,MixedShapesSmallTrain,0.953,9.39,109.45,86003,-0.12207478058408275
WEASEL 2.0,Rock,0.9,3.9,7.53,21448,-0.36326948174880186
WEASEL,Rock,0.9,5.14,6.7,37592,-0.26401676617333353
WEASEL 2.0,Mallat,0.938,3.67,156.99,21448,-0.10111679679070126
WEASEL,PigArtPressure,1.0,40.79,19.56,184036,-0.02330489785089859
WEASEL,RefrigerationDevices,0.544,23.92,12.17,106687,-0.38916579529403933
WEASEL,ScreenType,0.4,26.08,11.86,71910,-0.9788571834940324
WEASEL 2.0,ShakeGestureWiimoteZ,0.88,1.47,0.91,21448,-0.15789581087832255
WEASEL,PigCVP,0.962,46.04,21.97,200725,-0.05331194696054582
WEASEL,ShakeGestureWiimoteZ,0.86,2.78,0.68,33493,-0.17652360901495537
WEASEL 2.0,MixedShapesSmallTrain,0.962,6.78,159.32,21448,-0.1068097676797933
WEASEL 2.0,ShapeletSim,1.0,1.36,5.69,21448,-0.5264694357876847
WEASEL,MixedShapesRegularTrain,0.979,70.99,104.39,327647,-0.08062950985578898
WEASEL,ShapeletSim,1.0,5.27,3.11,2180,-0.08201891253001196
WEASEL,Phoneme,0.313,46.42,111.57,367998,-0.13137100838668936
WEASEL 2.0,Phoneme,0.348,15.84,143.63,21448,-0.09536156619496909
WEASEL 2.0,SmoothSubspace,0.973,1.04,0.23,17056,-0.1466295961834538
WEASEL,SmoothSubspace,0.767,1.52,0.21,203,-0.3356452890551237
WEASEL 2.0,SonyAIBORobotSurface1,0.938,0.33,2.5,21448,-0.30540236744399135
WEASEL,SonyAIBORobotSurface1,0.892,0.87,1.05,911,-0.17066642645664568
WEASEL,SonyAIBORobotSurface2,0.94,1.19,1.42,956,-0.15523978934404425
WEASEL 2.0,SonyAIBORobotSurface2,0.953,0.43,3.9,21448,-0.2767022617941906
WEASEL,SemgHandGenderCh2,0.77,44.59,39.77,41503,-0.6397329371674281
WEASEL,SmallKitchenAppliances,0.752,31.08,12.4,184554,-0.7444118031164556
WEASEL,HandOutlines,0.886,245.9,45.38,140509,-0.36769532537350796
WEASEL,SemgHandMovementCh2,0.313,61.35,29.08,45323,-0.5129160102592519
WEASEL 2.0,RefrigerationDevices,0.565,69.67,53.94,73584,-0.34161309106335114
WEASEL,SwedishLeaf,0.965,9.77,2.1,52665,-0.04250902829071879
WEASEL,Strawberry,0.978,17.78,2.98,32996,-0.09425349967970925
WEASEL 2.0,SyntheticControl,0.997,5.65,2.04,45200,-0.08041255010643189
WEASEL,SyntheticControl,0.993,3.63,0.42,15851,-0.05043005149654679
WEASEL 2.0,SwedishLeaf,0.976,21.85,12.77,73584,-0.04439846024386376
WEASEL,SemgHandSubjectCh2,0.636,69.83,29.38,86989,-0.4542925087251491
WEASEL 2.0,ScreenType,0.477,77.07,58.84,73584,-0.6752312572191356
WEASEL 2.0,ToeSegmentation1,0.969,0.96,3.15,21448,-0.2553895393022475
WEASEL 2.0,ToeSegmentation2,0.938,0.99,2.44,21448,-0.1492876092058499
WEASEL,Symbols,0.976,1.36,17.34,12929,-0.06269439100720547
WEASEL,ToeSegmentation1,0.974,3.44,1.99,5305,-0.2638853745574527
WEASEL 2.0,Trace,1.0,2.18,1.34,21448,-0.027453567279230005
WEASEL,ToeSegmentation2,0.915,4.29,1.46,7334,-0.13365599557714436
WEASEL,Trace,1.0,3.1,0.95,24558,-0.011040196145922849
WEASEL,TwoLeadECG,0.998,1.5,3.09,852,-0.09229665459582886
WEASEL 2.0,UMD,0.986,0.67,1.28,21448,-0.17587935668574703
WEASEL 2.0,TwoLeadECG,0.999,0.38,5.75,21448,-0.2165227209138578
WEASEL,UMD,0.979,0.95,0.48,6017,-0.09828471143626433
WEASEL 2.0,Symbols,0.984,0.95,26.51,21448,-0.07083697263611831
WEASEL 2.0,Strawberry,0.981,41.58,13.91,73584,-0.08041921751431474
WEASEL,ShapesAll,0.935,90.25,15.38,324765,-0.02305115439070161
WEASEL 2.0,ShapesAll,0.935,71.75,51.06,73584,-0.01775530768892128
WEASEL,TwoPatterns,0.989,19.22,13.17,27878,-0.09804267068918478
WEASEL 2.0,EthanolLevel,0.59,248.47,199.28,73584,-0.42984087011572175
WEASEL 2.0,SmallKitchenAppliances,0.789,81.57,67.96,73584,-0.4355554531484765
WEASEL,UWaveGestureLibraryX,0.801,40.19,49.22,99893,-0.19851270515266803
WEASEL 2.0,Wine,0.907,1.25,0.6,21448,-0.13069545275466143
WEASEL,Wine,0.778,1.33,0.36,801,-0.033029121479389134
WEASEL,UWaveGestureLibraryY,0.669,35.53,51.63,43940,-0.3179900332273074
WEASEL,Wafer,1.0,16.36,30.03,26151,-0.007553129215257781
WEASEL,UWaveGestureLibraryZ,0.738,36.54,50.3,63963,-0.2502017147159526
WEASEL,WordSynonyms,0.687,12.12,5.59,149500,-0.09011043518833381
WEASEL 2.0,Worms,0.727,11.86,3.82,21448,-0.3271507997809248
WEASEL,FordA,0.953,470.8,27.89,210862,-0.23848967708795155
WEASEL,Crop,0.738,486.21,60.3,207456,-0.06883545602937625
WEASEL 2.0,WormsTwoClass,0.805,11.21,3.42,21448,-0.5416596017405177
WEASEL 2.0,WordSynonyms,0.735,17.73,27.8,73584,-0.07999268203125942
WEASEL 2.0,TwoPatterns,0.996,50.47,101.32,73584,-0.0717269725909357
WEASEL,Worms,0.805,23.72,2.85,261804,-0.2898657345298608
WEASEL,WormsTwoClass,0.818,37.26,2.46,39471,-0.654334184027359
WEASEL,FordB,0.815,547.24,14.52,259658,-0.23611523072954574
WEASEL,Yoga,0.885,10.91,56.89,11810,-0.40756651733889804
WEASEL 2.0,SemgHandMovementCh2,0.633,197.56,159.14,73584,-0.3702086459590764
WEASEL 2.0,SemgHandGenderCh2,0.94,136.71,249.37,73584,-0.27563930499068656
WEASEL,NonInvasiveFetalECGThorax1,0.9,445.3,69.37,449862,-0.04454745704546161
WEASEL 2.0,SemgHandSubjectCh2,0.893,218.15,178.07,73584,-0.18797244598808283
WEASEL,NonInvasiveFetalECGThorax2,0.923,454.92,75.95,475820,-0.03502313477453203
WEASEL 2.0,UWaveGestureLibraryX,0.846,74.17,215.63,73584,-0.15792151256123194
WEASEL 2.0,UWaveGestureLibraryZ,0.791,73.52,210.86,73584,-0.19180894323168282
WEASEL 2.0,UWaveGestureLibraryY,0.768,79.93,236.08,73584,-0.19992242840939797
WEASEL 2.0,Wafer,1.0,58.26,222.54,73584,-0.006319110220351567
WEASEL 2.0,FordA,0.962,618.54,104.03,73584,-0.21877132231587387
WEASEL 2.0,FordB,0.841,661.21,63.29,73584,-0.19868938950447973
WEASEL 2.0,Crop,0.76,654.94,139.07,45200,-0.06783471958799585
WEASEL,UWaveGestureLibraryAll,0.851,181.99,187.03,256456,-0.1904094616575713
WEASEL 2.0,MixedShapesRegularTrain,0.975,128.36,539.16,73584,-0.06285488501062225
WEASEL 2.0,NonInvasiveFetalECGThorax2,0.955,385.72,295.91,73584,-0.022330358815027467
WEASEL 2.0,Yoga,0.927,30.05,264.46,73584,-0.31464790332427556
WEASEL,StarLightCurves,0.976,96.55,376.4,129585,-0.10006035193395682
WEASEL 2.0,NonInvasiveFetalECGThorax1,0.926,422.67,320.22,73584,-0.029551758425744697
WEASEL 2.0,HandOutlines,0.954,679.93,179.41,73584,-0.23700155435109255
WEASEL 2.0,ElectricDevices,0.773,1143.54,106.57,45200,-0.11232064418679144
WEASEL,ElectricDevices,0.762,1194.71,57.56,406075,-0.1012131855813835
WEASEL 2.0,UWaveGestureLibraryAll,0.958,212.99,644.2,73584,-0.07755789786151257
WEASEL 2.0,StarLightCurves,0.983,281.79,1850.29,73584,-0.06592464637042912
