Classifier,Dataset,Accuracy
Hydra,ACSF1,0.86
Hydra,Adiac,0.7800511508951407
Hydra,ArrowHead,0.8114285714285714
Hydra,Beef,0.8666666666666667
Hydra,BeetleFly,0.95
Hydra,BirdChicken,0.9
Hydra,BME,1.0
Hydra,Car,0.9166666666666666
Hydra,CBF,0.9911111111111112
Hydra,Chinatown,0.9825072886297376
Hydra,ChlorineConcentration,0.7630208333333334
Hydra,CinCECGTorso,0.9934782608695653
Hydra,Coffee,1.0
Hydra,Computers,0.712
Hydra,CricketX,0.7923076923076923
Hydra,CricketY,0.8153846153846154
Hydra,CricketZ,0.823076923076923
Hydra,Crop,0.7220833333333333
Hydra,DiatomSizeReduction,0.9477124183006536
Hydra,DistalPhalanxOutlineAgeGroup,0.7697841726618705
Hydra,DistalPhalanxOutlineCorrect,0.7608695652173914
Hydra,DistalPhalanxTW,0.7122302158273381
Hydra,Earthquakes,0.7482014388489209
Hydra,ECG200,0.88
Hydra,ECG5000,0.9486666666666667
Hydra,ECGFiveDays,1.0
Hydra,ElectricDevices,0.7337569705615354
Hydra,EOGHorizontalSignal,0.5773480662983426
Hydra,EOGVerticalSignal,0.4613259668508287
Hydra,EthanolLevel,0.562
Hydra,FaceAll,0.8982248520710059
Hydra,FaceFour,0.8636363636363636
Hydra,FacesUCR,0.9565853658536585
Hydra,FiftyWords,0.8307692307692308
Hydra,Fish,0.9885714285714285
Hydra,FordA,0.9568181818181818
Hydra,FordB,0.8148148148148148
Hydra,FreezerRegularTrain,0.9982456140350877
Hydra,FreezerSmallTrain,0.8842105263157894
Hydra,GunPoint,1.0
Hydra,GunPointAgeSpan,0.9936708860759493
Hydra,GunPointMaleVersusFemale,1.0
Hydra,GunPointOldVersusYoung,1.0
Hydra,Ham,0.7047619047619048
Hydra,HandOutlines,0.9378378378378378
Hydra,Haptics,0.5292207792207793
Hydra,Herring,0.703125
Hydra,HouseTwenty,0.957983193277311
Hydra,InlineSkate,0.49818181818181817
Hydra,InsectEPGRegularTrain,1.0
Hydra,InsectEPGSmallTrain,1.0
Hydra,InsectWingbeatSound,0.658080808080808
Hydra,ItalyPowerDemand,0.966958211856171
Hydra,LargeKitchenAppliances,0.856
Hydra,Lightning2,0.7540983606557377
Hydra,Lightning7,0.863013698630137
Hydra,Mallat,0.9445628997867804
Hydra,Meat,0.9
Hydra,MedicalImages,0.7644736842105263
Hydra,MiddlePhalanxOutlineAgeGroup,0.6428571428571429
Hydra,MiddlePhalanxOutlineCorrect,0.8384879725085911
Hydra,MiddlePhalanxTW,0.5324675324675324
Hydra,MixedShapesRegularTrain,0.9806185567010309
Hydra,MixedShapesSmallTrain,0.9616494845360825
Hydra,MoteStrain,0.9329073482428115
Hydra,NonInvasiveFetalECGThorax1,0.9435114503816794
Hydra,NonInvasiveFetalECGThorax2,0.95470737913486
Hydra,OliveOil,0.9666666666666667
Hydra,OSULeaf,0.9917355371900827
Hydra,PhalangesOutlinesCorrect,0.803030303030303
Hydra,Phoneme,0.25843881856540085
Hydra,PickupGestureWiimoteZ,0.88
Hydra,PigAirwayPressure,0.5576923076923077
Hydra,PigArtPressure,0.9855769230769231
Hydra,PigCVP,0.9471153846153846
Hydra,Plane,1.0
Hydra,PowerCons,0.9722222222222222
Hydra,ProximalPhalanxOutlineAgeGroup,0.8536585365853658
Hydra,ProximalPhalanxOutlineCorrect,0.8969072164948454
Hydra,ProximalPhalanxTW,0.8146341463414634
Hydra,RefrigerationDevices,0.47733333333333333
Hydra,Rock,0.88
Hydra,ScreenType,0.47733333333333333
Hydra,SemgHandGenderCh2,0.8366666666666667
Hydra,SemgHandMovementCh2,0.4911111111111111
Hydra,SemgHandSubjectCh2,0.78
Hydra,ShakeGestureWiimoteZ,0.9
Hydra,ShapeletSim,0.9888888888888889
Hydra,ShapesAll,0.92
Hydra,SmallKitchenAppliances,0.7946666666666666
Hydra,SmoothSubspace,0.96
Hydra,SonyAIBORobotSurface1,0.9201331114808652
Hydra,SonyAIBORobotSurface2,0.9517313746065058
Hydra,StarLightCurves,0.9789946576007771
Hydra,Strawberry,0.9783783783783784
Hydra,SwedishLeaf,0.9776
Hydra,Symbols,0.9809045226130654
Hydra,SyntheticControl,0.9533333333333334
Hydra,ToeSegmentation1,0.956140350877193
Hydra,ToeSegmentation2,0.9
Hydra,Trace,1.0
Hydra,TwoLeadECG,0.9991220368744512
Hydra,TwoPatterns,0.97425
Hydra,UMD,0.9861111111111112
Hydra,UWaveGestureLibraryAll,0.9706867671691792
Hydra,UWaveGestureLibraryX,0.8472920156337241
Hydra,UWaveGestureLibraryY,0.7878280290340591
Hydra,UWaveGestureLibraryZ,0.7903405918481295
Hydra,Wafer,1.0
Hydra,Wine,0.9074074074074074
Hydra,WordSynonyms,0.7178683385579937
Hydra,Worms,0.7402597402597403
Hydra,WormsTwoClass,0.7922077922077922
Hydra,Yoga,0.921
R_DST,ACSF1,0.93
R_DST,Adiac,0.7289002557544757
R_DST,ArrowHead,0.8571428571428571
R_DST,Beef,0.8333333333333334
R_DST,BeetleFly,0.95
R_DST,BirdChicken,0.9
R_DST,BME,0.9933333333333333
R_DST,Car,0.9166666666666666
R_DST,CBF,0.9933333333333333
R_DST,Chinatown,0.9825072886297376
R_DST,ChlorineConcentration,0.7671875
R_DST,CinCECGTorso,0.9942028985507246
R_DST,Coffee,1.0
R_DST,Computers,0.748
R_DST,CricketX,0.8153846153846154
R_DST,CricketY,0.8461538461538461
R_DST,CricketZ,0.8692307692307693
R_DST,Crop,0.7648214285714285
R_DST,DiatomSizeReduction,0.9313725490196079
R_DST,DistalPhalanxOutlineAgeGroup,0.7841726618705036
R_DST,DistalPhalanxOutlineCorrect,0.7753623188405797
R_DST,DistalPhalanxTW,0.7122302158273381
R_DST,Earthquakes,0.7266187050359713
R_DST,ECG200,0.9
R_DST,ECG5000,0.9457777777777778
R_DST,ECGFiveDays,1.0
R_DST,ElectricDevices,0.7401115289845674
R_DST,EOGHorizontalSignal,0.6712707182320442
R_DST,EOGVerticalSignal,0.5497237569060773
R_DST,EthanolLevel,0.636
R_DST,FaceAll,0.7964497041420119
R_DST,FaceFour,0.9886363636363636
R_DST,FacesUCR,0.9629268292682926
R_DST,FiftyWords,0.8395604395604396
R_DST,Fish,0.9942857142857143
R_DST,FordA,0.9515151515151515
R_DST,FordB,0.8160493827160494
R_DST,FreezerRegularTrain,0.9954385964912281
R_DST,FreezerSmallTrain,0.9870175438596491
R_DST,GunPoint,1.0
R_DST,GunPointAgeSpan,0.9968354430379747
R_DST,GunPointMaleVersusFemale,1.0
R_DST,GunPointOldVersusYoung,1.0
R_DST,Ham,0.7142857142857143
R_DST,HandOutlines,0.9486486486486486
R_DST,Haptics,0.577922077922078
R_DST,Herring,0.6875
R_DST,HouseTwenty,0.9663865546218487
R_DST,InlineSkate,0.4490909090909091
R_DST,InsectEPGRegularTrain,1.0
R_DST,InsectEPGSmallTrain,0.9919678714859438
R_DST,InsectWingbeatSound,0.6636363636363637
R_DST,ItalyPowerDemand,0.9378036929057337
R_DST,LargeKitchenAppliances,0.8373333333333334
R_DST,Lightning2,0.7868852459016393
R_DST,Lightning7,0.7808219178082192
R_DST,Mallat,0.9411513859275054
R_DST,Meat,0.9166666666666666
R_DST,MedicalImages,0.7644736842105263
R_DST,MiddlePhalanxOutlineAgeGroup,0.5714285714285714
R_DST,MiddlePhalanxOutlineCorrect,0.8247422680412371
R_DST,MiddlePhalanxTW,0.5194805194805194
R_DST,MixedShapesRegularTrain,0.9814432989690721
R_DST,MixedShapesSmallTrain,0.9657731958762886
R_DST,MoteStrain,0.9400958466453674
R_DST,NonInvasiveFetalECGThorax1,0.9211195928753181
R_DST,NonInvasiveFetalECGThorax2,0.9379134860050891
R_DST,OliveOil,0.8333333333333334
R_DST,OSULeaf,0.9834710743801653
R_DST,PhalangesOutlinesCorrect,0.8065268065268065
R_DST,Phoneme,0.3444092827004219
R_DST,PickupGestureWiimoteZ,0.88
R_DST,PigAirwayPressure,0.8317307692307693
R_DST,PigArtPressure,0.9567307692307693
R_DST,PigCVP,0.9326923076923077
R_DST,Plane,1.0
R_DST,PowerCons,0.9944444444444445
R_DST,ProximalPhalanxOutlineAgeGroup,0.8439024390243902
R_DST,ProximalPhalanxOutlineCorrect,0.8969072164948454
R_DST,ProximalPhalanxTW,0.824390243902439
R_DST,RefrigerationDevices,0.5733333333333334
R_DST,Rock,0.88
R_DST,ScreenType,0.5013333333333333
R_DST,SemgHandGenderCh2,0.9233333333333333
R_DST,SemgHandMovementCh2,0.6911111111111111
R_DST,SemgHandSubjectCh2,0.8755555555555555
R_DST,ShakeGestureWiimoteZ,0.88
R_DST,ShapeletSim,1.0
R_DST,ShapesAll,0.9233333333333333
R_DST,SmallKitchenAppliances,0.84
R_DST,SmoothSubspace,0.9866666666666667
R_DST,SonyAIBORobotSurface1,0.8685524126455907
R_DST,SonyAIBORobotSurface2,0.9265477439664218
R_DST,StarLightCurves,0.982030111704711
R_DST,Strawberry,0.9702702702702702
R_DST,SwedishLeaf,0.9632
R_DST,Symbols,0.9809045226130654
R_DST,SyntheticControl,0.9966666666666667
R_DST,ToeSegmentation1,0.956140350877193
R_DST,ToeSegmentation2,0.9153846153846154
R_DST,Trace,1.0
R_DST,TwoLeadECG,0.9991220368744512
R_DST,TwoPatterns,1.0
R_DST,UMD,1.0
R_DST,UWaveGestureLibraryAll,0.9790619765494137
R_DST,UWaveGestureLibraryX,0.8539921831379118
R_DST,UWaveGestureLibraryY,0.7629815745393634
R_DST,UWaveGestureLibraryZ,0.7989949748743719
R_DST,Wafer,1.0
R_DST,Wine,0.9074074074074074
R_DST,WordSynonyms,0.7366771159874608
R_DST,Worms,0.6883116883116883
R_DST,WormsTwoClass,0.7662337662337663
R_DST,Yoga,0.931
Rocket,ACSF1,0.88
Rocket,Adiac,0.7877237851662404
Rocket,ArrowHead,0.8171428571428572
Rocket,Beef,0.8333333333333334
Rocket,BeetleFly,0.9
Rocket,BirdChicken,0.9
Rocket,BME,1.0
Rocket,Car,0.9
Rocket,CBF,1.0
Rocket,Chinatown,0.9825072886297376
Rocket,ChlorineConcentration,0.8166666666666667
Rocket,CinCECGTorso,0.8369565217391305
Rocket,Coffee,1.0
Rocket,Computers,0.76
Rocket,CricketX,0.8256410256410256
Rocket,CricketY,0.8461538461538461
Rocket,CricketZ,0.8487179487179487
Rocket,Crop,0.7528571428571429
Rocket,DiatomSizeReduction,0.9673202614379085
Rocket,DistalPhalanxOutlineAgeGroup,0.7697841726618705
Rocket,DistalPhalanxOutlineCorrect,0.7753623188405797
Rocket,DistalPhalanxTW,0.7194244604316546
Rocket,Earthquakes,0.7482014388489209
Rocket,ECG200,0.91
Rocket,ECG5000,0.9475555555555556
Rocket,ECGFiveDays,1.0
Rocket,ElectricDevices,0.7297367397224744
Rocket,EOGHorizontalSignal,0.6408839779005525
Rocket,EOGVerticalSignal,0.5469613259668509
Rocket,EthanolLevel,0.578
Rocket,FaceAll,0.9502958579881656
Rocket,FaceFour,0.9772727272727273
Rocket,FacesUCR,0.9624390243902439
Rocket,FiftyWords,0.8285714285714286
Rocket,Fish,0.9828571428571429
Rocket,FordA,0.95
Rocket,FordB,0.8074074074074075
Rocket,FreezerRegularTrain,0.9975438596491228
Rocket,FreezerSmallTrain,0.9431578947368421
Rocket,GunPoint,1.0
Rocket,GunPointAgeSpan,0.9968354430379747
Rocket,GunPointMaleVersusFemale,1.0
Rocket,GunPointOldVersusYoung,0.9904761904761905
Rocket,Ham,0.7047619047619048
Rocket,HandOutlines,0.9432432432432433
Rocket,Haptics,0.5227272727272727
Rocket,Herring,0.703125
Rocket,HouseTwenty,0.9663865546218487
Rocket,InlineSkate,0.4618181818181818
Rocket,InsectEPGRegularTrain,1.0
Rocket,InsectEPGSmallTrain,0.9759036144578314
Rocket,InsectWingbeatSound,0.6590909090909091
Rocket,ItalyPowerDemand,0.967930029154519
Rocket,LargeKitchenAppliances,0.9066666666666666
Rocket,Lightning2,0.7540983606557377
Rocket,Lightning7,0.821917808219178
Rocket,Mallat,0.9556503198294243
Rocket,Meat,0.95
Rocket,MedicalImages,0.7960526315789473
Rocket,MiddlePhalanxOutlineAgeGroup,0.6038961038961039
Rocket,MiddlePhalanxOutlineCorrect,0.852233676975945
Rocket,MiddlePhalanxTW,0.5584415584415584
Rocket,MixedShapesRegularTrain,0.9690721649484536
Rocket,MixedShapesSmallTrain,0.9402061855670103
Rocket,MoteStrain,0.9137380191693291
Rocket,NonInvasiveFetalECGThorax1,0.9506361323155216
Rocket,NonInvasiveFetalECGThorax2,0.9689567430025445
Rocket,OliveOil,0.9333333333333333
Rocket,OSULeaf,0.9462809917355371
Rocket,PhalangesOutlinesCorrect,0.8333333333333334
Rocket,Phoneme,0.27637130801687765
Rocket,PickupGestureWiimoteZ,0.84
Rocket,PigAirwayPressure,0.08653846153846154
Rocket,PigArtPressure,0.9567307692307693
Rocket,PigCVP,0.9375
Rocket,Plane,1.0
Rocket,PowerCons,0.9333333333333333
Rocket,ProximalPhalanxOutlineAgeGroup,0.8536585365853658
Rocket,ProximalPhalanxOutlineCorrect,0.8969072164948454
Rocket,ProximalPhalanxTW,0.824390243902439
Rocket,RefrigerationDevices,0.5333333333333333
Rocket,Rock,0.9
Rocket,ScreenType,0.48533333333333334
Rocket,SemgHandGenderCh2,0.9083333333333333
Rocket,SemgHandMovementCh2,0.6666666666666666
Rocket,SemgHandSubjectCh2,0.8866666666666667
Rocket,ShakeGestureWiimoteZ,0.9
Rocket,ShapeletSim,1.0
Rocket,ShapesAll,0.9066666666666666
Rocket,SmallKitchenAppliances,0.8213333333333334
Rocket,SmoothSubspace,0.98
Rocket,SonyAIBORobotSurface1,0.9168053244592346
Rocket,SonyAIBORobotSurface2,0.9150052465897167
Rocket,StarLightCurves,0.9793589120932491
Rocket,Strawberry,0.981081081081081
Rocket,SwedishLeaf,0.9664
Rocket,Symbols,0.9738693467336683
Rocket,SyntheticControl,1.0
Rocket,ToeSegmentation1,0.9649122807017544
Rocket,ToeSegmentation2,0.9230769230769231
Rocket,Trace,1.0
Rocket,TwoLeadECG,0.9991220368744512
Rocket,TwoPatterns,1.0
Rocket,UMD,0.9930555555555556
Rocket,UWaveGestureLibraryAll,0.97571189279732
Rocket,UWaveGestureLibraryX,0.8534338358458962
Rocket,UWaveGestureLibraryY,0.774427694025684
Rocket,UWaveGestureLibraryZ,0.7975991066443328
Rocket,Wafer,0.9985399091499026
Rocket,Wine,0.7777777777777778
Rocket,WordSynonyms,0.7539184952978056
Rocket,Worms,0.7402597402597403
Rocket,WormsTwoClass,0.8051948051948052
Rocket,Yoga,0.9163333333333333
MiniRocket,ACSF1,0.92
MiniRocket,Adiac,0.8414322250639387
MiniRocket,ArrowHead,0.8628571428571429
MiniRocket,Beef,0.8666666666666667
MiniRocket,BeetleFly,0.9
MiniRocket,BirdChicken,0.9
MiniRocket,BME,1.0
MiniRocket,Car,0.9166666666666666
MiniRocket,CBF,0.9988888888888889
MiniRocket,Chinatown,0.9825072886297376
MiniRocket,ChlorineConcentration,0.75625
MiniRocket,CinCECGTorso,0.868840579710145
MiniRocket,Coffee,1.0
MiniRocket,Computers,0.708
MiniRocket,CricketX,0.8076923076923077
MiniRocket,CricketY,0.8307692307692308
MiniRocket,CricketZ,0.8282051282051283
MiniRocket,Crop,0.7490476190476191
MiniRocket,DiatomSizeReduction,0.9248366013071896
MiniRocket,DistalPhalanxOutlineAgeGroup,0.7482014388489209
MiniRocket,DistalPhalanxOutlineCorrect,0.782608695652174
MiniRocket,DistalPhalanxTW,0.6906474820143885
MiniRocket,Earthquakes,0.7482014388489209
MiniRocket,ECG200,0.92
MiniRocket,ECG5000,0.9446666666666667
MiniRocket,ECGFiveDays,1.0
MiniRocket,ElectricDevices,0.7455582933471664
MiniRocket,EOGHorizontalSignal,0.5883977900552486
MiniRocket,EOGVerticalSignal,0.5469613259668509
MiniRocket,EthanolLevel,0.61
MiniRocket,FaceAll,0.8041420118343195
MiniRocket,FaceFour,0.9886363636363636
MiniRocket,FacesUCR,0.9556097560975609
MiniRocket,FiftyWords,0.8351648351648352
MiniRocket,Fish,0.9714285714285714
MiniRocket,FordA,0.9477272727272728
MiniRocket,FordB,0.8123456790123457
MiniRocket,FreezerRegularTrain,0.9992982456140351
MiniRocket,FreezerSmallTrain,0.9670175438596491
MiniRocket,GunPoint,0.9933333333333333
MiniRocket,GunPointAgeSpan,0.9936708860759493
MiniRocket,GunPointMaleVersusFemale,1.0
MiniRocket,GunPointOldVersusYoung,1.0
MiniRocket,Ham,0.7142857142857143
MiniRocket,HandOutlines,0.9351351351351351
MiniRocket,Haptics,0.538961038961039
MiniRocket,Herring,0.65625
MiniRocket,HouseTwenty,0.9663865546218487
MiniRocket,InlineSkate,0.4727272727272727
MiniRocket,InsectEPGRegularTrain,1.0
MiniRocket,InsectEPGSmallTrain,0.9919678714859438
MiniRocket,InsectWingbeatSound,0.6767676767676768
MiniRocket,ItalyPowerDemand,0.9659863945578231
MiniRocket,LargeKitchenAppliances,0.8613333333333333
MiniRocket,Lightning2,0.7377049180327869
MiniRocket,Lightning7,0.821917808219178
MiniRocket,Mallat,0.9530916844349681
MiniRocket,Meat,0.95
MiniRocket,MedicalImages,0.7973684210526316
MiniRocket,MiddlePhalanxOutlineAgeGroup,0.6038961038961039
MiniRocket,MiddlePhalanxOutlineCorrect,0.8487972508591065
MiniRocket,MiddlePhalanxTW,0.538961038961039
MiniRocket,MixedShapesRegularTrain,0.9715463917525773
MiniRocket,MixedShapesSmallTrain,0.9550515463917526
MiniRocket,MoteStrain,0.9321086261980831
MiniRocket,NonInvasiveFetalECGThorax1,0.9470737913486005
MiniRocket,NonInvasiveFetalECGThorax2,0.9623409669211196
MiniRocket,OliveOil,0.9333333333333333
MiniRocket,OSULeaf,0.9545454545454546
MiniRocket,PhalangesOutlinesCorrect,0.8344988344988346
MiniRocket,Phoneme,0.2879746835443038
MiniRocket,PickupGestureWiimoteZ,0.86
MiniRocket,PigAirwayPressure,0.8653846153846154
MiniRocket,PigArtPressure,0.9807692307692307
MiniRocket,PigCVP,0.9519230769230769
MiniRocket,Plane,1.0
MiniRocket,PowerCons,0.9888888888888889
MiniRocket,ProximalPhalanxOutlineAgeGroup,0.848780487804878
MiniRocket,ProximalPhalanxOutlineCorrect,0.9072164948453608
MiniRocket,ProximalPhalanxTW,0.8195121951219512
MiniRocket,RefrigerationDevices,0.488
MiniRocket,Rock,0.78
MiniRocket,ScreenType,0.4693333333333333
MiniRocket,SemgHandGenderCh2,0.9016666666666666
MiniRocket,SemgHandMovementCh2,0.7022222222222222
MiniRocket,SemgHandSubjectCh2,0.8622222222222222
MiniRocket,ShakeGestureWiimoteZ,0.88
MiniRocket,ShapeletSim,1.0
MiniRocket,ShapesAll,0.92
MiniRocket,SmallKitchenAppliances,0.8186666666666667
MiniRocket,SmoothSubspace,0.96
MiniRocket,SonyAIBORobotSurface1,0.8885191347753744
MiniRocket,SonyAIBORobotSurface2,0.9097586568730325
MiniRocket,StarLightCurves,0.9813016027197669
MiniRocket,Strawberry,0.981081081081081
MiniRocket,SwedishLeaf,0.9664
MiniRocket,Symbols,0.9819095477386934
MiniRocket,SyntheticControl,0.98
MiniRocket,ToeSegmentation1,0.9605263157894737
MiniRocket,ToeSegmentation2,0.9153846153846154
MiniRocket,Trace,1.0
MiniRocket,TwoLeadECG,0.9982440737489026
MiniRocket,TwoPatterns,0.99675
MiniRocket,UMD,0.9930555555555556
MiniRocket,UWaveGestureLibraryAll,0.9734785036292574
MiniRocket,UWaveGestureLibraryX,0.8458961474036851
MiniRocket,UWaveGestureLibraryY,0.7710776102735901
MiniRocket,UWaveGestureLibraryZ,0.7953657174762703
MiniRocket,Wafer,0.999675535366645
MiniRocket,Wine,0.9074074074074074
MiniRocket,WordSynonyms,0.7539184952978056
MiniRocket,Worms,0.7662337662337663
MiniRocket,WormsTwoClass,0.7922077922077922
MiniRocket,Yoga,0.9083333333333333
MrSQM_SFA_k5,ACSF1,0.91
MrSQM_SFA_k5,Adiac,0.8132992327365729
MrSQM_SFA_k5,ArrowHead,0.7885714285714286
MrSQM_SFA_k5,Beef,0.8
MrSQM_SFA_k5,BeetleFly,0.95
MrSQM_SFA_k5,BirdChicken,0.9
MrSQM_SFA_k5,BME,0.8133333333333334
MrSQM_SFA_k5,Car,0.85
MrSQM_SFA_k5,CBF,0.9988888888888889
MrSQM_SFA_k5,Chinatown,0.9708454810495627
MrSQM_SFA_k5,ChlorineConcentration,0.7067708333333333
MrSQM_SFA_k5,CinCECGTorso,0.9340579710144927
MrSQM_SFA_k5,Coffee,1.0
MrSQM_SFA_k5,Computers,0.74
MrSQM_SFA_k5,CricketX,0.7923076923076923
MrSQM_SFA_k5,CricketY,0.8102564102564103
MrSQM_SFA_k5,CricketZ,0.8025641025641026
MrSQM_SFA_k5,Crop,0.7104761904761905
MrSQM_SFA_k5,DiatomSizeReduction,0.8888888888888888
MrSQM_SFA_k5,DistalPhalanxOutlineAgeGroup,0.7338129496402878
MrSQM_SFA_k5,DistalPhalanxOutlineCorrect,0.7391304347826086
MrSQM_SFA_k5,DistalPhalanxTW,0.6762589928057554
MrSQM_SFA_k5,Earthquakes,0.7338129496402878
MrSQM_SFA_k5,ECG200,0.85
MrSQM_SFA_k5,ECG5000,0.9468888888888889
MrSQM_SFA_k5,ECGFiveDays,1.0
MrSQM_SFA_k5,ElectricDevices,0.7541174944883932
MrSQM_SFA_k5,EOGHorizontalSignal,0.6685082872928176
MrSQM_SFA_k5,EOGVerticalSignal,0.494475138121547
MrSQM_SFA_k5,EthanolLevel,0.676
MrSQM_SFA_k5,FaceAll,0.808284023668639
MrSQM_SFA_k5,FaceFour,0.9886363636363636
MrSQM_SFA_k5,FacesUCR,0.9292682926829269
MrSQM_SFA_k5,FiftyWords,0.7626373626373626
MrSQM_SFA_k5,Fish,0.9942857142857143
MrSQM_SFA_k5,FordA,0.9628787878787879
MrSQM_SFA_k5,FordB,0.8148148148148148
MrSQM_SFA_k5,FreezerRegularTrain,0.9978947368421053
MrSQM_SFA_k5,FreezerSmallTrain,0.9908771929824561
MrSQM_SFA_k5,GunPoint,1.0
MrSQM_SFA_k5,GunPointAgeSpan,0.9968354430379747
MrSQM_SFA_k5,GunPointMaleVersusFemale,1.0
MrSQM_SFA_k5,GunPointOldVersusYoung,0.9968253968253968
MrSQM_SFA_k5,Ham,0.6
MrSQM_SFA_k5,HandOutlines,0.9459459459459459
MrSQM_SFA_k5,Haptics,0.5811688311688312
MrSQM_SFA_k5,Herring,0.65625
MrSQM_SFA_k5,HouseTwenty,0.9915966386554622
MrSQM_SFA_k5,InlineSkate,0.4527272727272727
MrSQM_SFA_k5,InsectEPGRegularTrain,0.9919678714859438
MrSQM_SFA_k5,InsectEPGSmallTrain,0.8152610441767069
MrSQM_SFA_k5,InsectWingbeatSound,0.6494949494949495
MrSQM_SFA_k5,ItalyPowerDemand,0.9465500485908649
MrSQM_SFA_k5,LargeKitchenAppliances,0.8773333333333333
MrSQM_SFA_k5,Lightning2,0.8032786885245902
MrSQM_SFA_k5,Lightning7,0.7397260273972602
MrSQM_SFA_k5,Mallat,0.9752665245202559
MrSQM_SFA_k5,Meat,0.9166666666666666
MrSQM_SFA_k5,MedicalImages,0.725
MrSQM_SFA_k5,MiddlePhalanxOutlineAgeGroup,0.5714285714285714
MrSQM_SFA_k5,MiddlePhalanxOutlineCorrect,0.8006872852233677
MrSQM_SFA_k5,MiddlePhalanxTW,0.512987012987013
MrSQM_SFA_k5,MixedShapesRegularTrain,0.9764948453608248
MrSQM_SFA_k5,MixedShapesSmallTrain,0.9649484536082474
MrSQM_SFA_k5,MoteStrain,0.9624600638977636
MrSQM_SFA_k5,NonInvasiveFetalECGThorax1,0.9297709923664123
MrSQM_SFA_k5,NonInvasiveFetalECGThorax2,0.9475826972010178
MrSQM_SFA_k5,OliveOil,0.9666666666666667
MrSQM_SFA_k5,OSULeaf,0.987603305785124
MrSQM_SFA_k5,PhalangesOutlinesCorrect,0.8065268065268065
MrSQM_SFA_k5,Phoneme,0.3707805907172996
MrSQM_SFA_k5,PickupGestureWiimoteZ,0.8
MrSQM_SFA_k5,PigAirwayPressure,0.9423076923076923
MrSQM_SFA_k5,PigArtPressure,0.9903846153846154
MrSQM_SFA_k5,PigCVP,0.9326923076923077
MrSQM_SFA_k5,Plane,1.0
MrSQM_SFA_k5,PowerCons,0.9444444444444444
MrSQM_SFA_k5,ProximalPhalanxOutlineAgeGroup,0.8292682926829268
MrSQM_SFA_k5,ProximalPhalanxOutlineCorrect,0.8694158075601375
MrSQM_SFA_k5,ProximalPhalanxTW,0.7853658536585366
MrSQM_SFA_k5,RefrigerationDevices,0.5946666666666667
MrSQM_SFA_k5,Rock,0.96
MrSQM_SFA_k5,ScreenType,0.5706666666666667
MrSQM_SFA_k5,SemgHandGenderCh2,0.8516666666666667
MrSQM_SFA_k5,SemgHandMovementCh2,0.6088888888888889
MrSQM_SFA_k5,SemgHandSubjectCh2,0.8622222222222222
MrSQM_SFA_k5,ShakeGestureWiimoteZ,0.88
MrSQM_SFA_k5,ShapeletSim,1.0
MrSQM_SFA_k5,ShapesAll,0.95
MrSQM_SFA_k5,SmallKitchenAppliances,0.824
MrSQM_SFA_k5,SmoothSubspace,0.8266666666666667
MrSQM_SFA_k5,SonyAIBORobotSurface1,0.7687188019966722
MrSQM_SFA_k5,SonyAIBORobotSurface2,0.9412381951731374
MrSQM_SFA_k5,StarLightCurves,0.9814230208839242
MrSQM_SFA_k5,Strawberry,0.9702702702702702
MrSQM_SFA_k5,SwedishLeaf,0.9696
MrSQM_SFA_k5,Symbols,0.9809045226130654
MrSQM_SFA_k5,SyntheticControl,0.99
MrSQM_SFA_k5,ToeSegmentation1,0.9692982456140351
MrSQM_SFA_k5,ToeSegmentation2,0.9153846153846154
MrSQM_SFA_k5,Trace,1.0
MrSQM_SFA_k5,TwoLeadECG,0.9964881474978051
MrSQM_SFA_k5,TwoPatterns,0.999
MrSQM_SFA_k5,UMD,0.9444444444444444
MrSQM_SFA_k5,UWaveGestureLibraryAll,0.9508654383026243
MrSQM_SFA_k5,UWaveGestureLibraryX,0.8310999441652708
MrSQM_SFA_k5,UWaveGestureLibraryY,0.7833612506979342
MrSQM_SFA_k5,UWaveGestureLibraryZ,0.7900614182021217
MrSQM_SFA_k5,Wafer,1.0
MrSQM_SFA_k5,Wine,0.8888888888888888
MrSQM_SFA_k5,WordSynonyms,0.6536050156739812
MrSQM_SFA_k5,Worms,0.7402597402597403
MrSQM_SFA_k5,WormsTwoClass,0.7532467532467533
MrSQM_SFA_k5,Yoga,0.9056666666666666
WEASEL,ACSF1,0.87
WEASEL,Adiac,0.8081841432225064
WEASEL,ArrowHead,0.8742857142857143
WEASEL,Beef,0.8333333333333334
WEASEL,BeetleFly,0.75
WEASEL,BirdChicken,0.9
WEASEL,BME,0.9133333333333333
WEASEL,Car,0.9166666666666666
WEASEL,CBF,0.9933333333333333
WEASEL,Chinatown,0.9475218658892128
WEASEL,ChlorineConcentration,0.7278645833333334
WEASEL,CinCECGTorso,0.991304347826087
WEASEL,Coffee,1.0
WEASEL,Computers,0.716
WEASEL,CricketX,0.764102564102564
WEASEL,CricketY,0.7948717948717948
WEASEL,CricketZ,0.7923076923076923
WEASEL,Crop,0.7379166666666667
WEASEL,DiatomSizeReduction,0.8986928104575164
WEASEL,DistalPhalanxOutlineAgeGroup,0.7769784172661871
WEASEL,DistalPhalanxOutlineCorrect,0.7608695652173914
WEASEL,DistalPhalanxTW,0.6690647482014388
WEASEL,Earthquakes,0.7410071942446043
WEASEL,ECG200,0.85
WEASEL,ECG5000,0.9428888888888889
WEASEL,ECGFiveDays,0.9965156794425087
WEASEL,ElectricDevices,0.7624173258980677
WEASEL,EOGHorizontalSignal,0.511049723756906
WEASEL,EOGVerticalSignal,0.3149171270718232
WEASEL,EthanolLevel,0.52
WEASEL,FaceAll,0.7881656804733728
WEASEL,FaceFour,0.9659090909090909
WEASEL,FacesUCR,0.8907317073170732
WEASEL,FiftyWords,0.7714285714285715
WEASEL,Fish,0.9828571428571429
WEASEL,FordA,0.953030303030303
WEASEL,FordB,0.8148148148148148
WEASEL,FreezerRegularTrain,0.9835087719298246
WEASEL,FreezerSmallTrain,0.9698245614035088
WEASEL,GunPoint,1.0
WEASEL,GunPointAgeSpan,0.9936708860759493
WEASEL,GunPointMaleVersusFemale,0.990506329113924
WEASEL,GunPointOldVersusYoung,0.9873015873015873
WEASEL,Ham,0.7047619047619048
WEASEL,HandOutlines,0.8864864864864865
WEASEL,Haptics,0.36363636363636365
WEASEL,Herring,0.59375
WEASEL,HouseTwenty,0.9495798319327731
WEASEL,InlineSkate,0.5672727272727273
WEASEL,InsectEPGRegularTrain,1.0
WEASEL,InsectEPGSmallTrain,1.0
WEASEL,InsectWingbeatSound,0.6368686868686869
WEASEL,ItalyPowerDemand,0.9446064139941691
WEASEL,LargeKitchenAppliances,0.6746666666666666
WEASEL,Lightning2,0.7213114754098361
WEASEL,Lightning7,0.8082191780821918
WEASEL,Mallat,0.9466950959488273
WEASEL,Meat,0.85
WEASEL,MedicalImages,0.7315789473684211
WEASEL,MiddlePhalanxOutlineAgeGroup,0.6168831168831169
WEASEL,MiddlePhalanxOutlineCorrect,0.7628865979381443
WEASEL,MiddlePhalanxTW,0.564935064935065
WEASEL,MixedShapesRegularTrain,0.9785567010309278
WEASEL,MixedShapesSmallTrain,0.9534020618556701
WEASEL,MoteStrain,0.9496805111821086
WEASEL,NonInvasiveFetalECGThorax1,0.9002544529262086
WEASEL,NonInvasiveFetalECGThorax2,0.9231552162849873
WEASEL,OliveOil,0.9
WEASEL,OSULeaf,0.9752066115702479
WEASEL,PhalangesOutlinesCorrect,0.7972027972027972
WEASEL,Phoneme,0.31329113924050633
WEASEL,PickupGestureWiimoteZ,0.68
WEASEL,PigAirwayPressure,0.8028846153846154
WEASEL,PigArtPressure,1.0
WEASEL,PigCVP,0.9615384615384616
WEASEL,Plane,1.0
WEASEL,PowerCons,0.9555555555555556
WEASEL,ProximalPhalanxOutlineAgeGroup,0.8390243902439024
WEASEL,ProximalPhalanxOutlineCorrect,0.8865979381443299
WEASEL,ProximalPhalanxTW,0.8097560975609757
WEASEL,RefrigerationDevices,0.544
WEASEL,Rock,0.9
WEASEL,ScreenType,0.4
WEASEL,SemgHandGenderCh2,0.77
WEASEL,SemgHandMovementCh2,0.31333333333333335
WEASEL,SemgHandSubjectCh2,0.6355555555555555
WEASEL,ShakeGestureWiimoteZ,0.86
WEASEL,ShapeletSim,1.0
WEASEL,ShapesAll,0.935
WEASEL,SmallKitchenAppliances,0.752
WEASEL,SmoothSubspace,0.7666666666666667
WEASEL,SonyAIBORobotSurface1,0.891846921797005
WEASEL,SonyAIBORobotSurface2,0.9401888772298006
WEASEL,StarLightCurves,0.975594949004371
WEASEL,Strawberry,0.9783783783783784
WEASEL,SwedishLeaf,0.9648
WEASEL,Symbols,0.9758793969849247
WEASEL,SyntheticControl,0.9933333333333333
WEASEL,ToeSegmentation1,0.9736842105263158
WEASEL,ToeSegmentation2,0.9153846153846154
WEASEL,Trace,1.0
WEASEL,TwoLeadECG,0.9982440737489026
WEASEL,TwoPatterns,0.989
WEASEL,UMD,0.9791666666666666
WEASEL,UWaveGestureLibraryAll,0.8512004466778336
WEASEL,UWaveGestureLibraryX,0.8012283640424344
WEASEL,UWaveGestureLibraryY,0.6686208821887214
WEASEL,UWaveGestureLibraryZ,0.7384142936906756
WEASEL,Wafer,0.999675535366645
WEASEL,Wine,0.7777777777777778
WEASEL,WordSynonyms,0.6865203761755486
WEASEL,Worms,0.8051948051948052
WEASEL,WormsTwoClass,0.8181818181818182
WEASEL,Yoga,0.8853333333333333
BOSS,ACSF1,0.9
BOSS,Adiac,0.7723785166240409
BOSS,ArrowHead,0.8285714285714286
BOSS,Beef,0.7666666666666667
BOSS,BeetleFly,0.95
BOSS,BirdChicken,1.0
BOSS,BME,0.7666666666666667
BOSS,Car,0.8166666666666667
BOSS,CBF,0.9988888888888889
BOSS,Chinatown,0.924198250728863
BOSS,ChlorineConcentration,0.6541666666666667
BOSS,CinCECGTorso,0.7840579710144927
BOSS,Coffee,1.0
BOSS,Computers,0.688
BOSS,CricketX,0.7
BOSS,CricketY,0.7307692307692307
BOSS,CricketZ,0.7128205128205128
BOSS,Crop,0.6918452380952381
BOSS,DiatomSizeReduction,0.9215686274509803
BOSS,DistalPhalanxOutlineAgeGroup,0.7553956834532374
BOSS,DistalPhalanxOutlineCorrect,0.7427536231884058
BOSS,DistalPhalanxTW,0.7050359712230215
BOSS,Earthquakes,0.7482014388489209
BOSS,ECG200,0.87
BOSS,ECG5000,0.9397777777777778
BOSS,ECGFiveDays,1.0
BOSS,ElectricDevices,0.7120995979769161
BOSS,EOGHorizontalSignal,0.4530386740331492
BOSS,EOGVerticalSignal,0.43370165745856354
BOSS,EthanolLevel,0.468
BOSS,FaceAll,0.7751479289940828
BOSS,FaceFour,1.0
BOSS,FacesUCR,0.9541463414634146
BOSS,FiftyWords,0.7274725274725274
BOSS,Fish,0.9771428571428571
BOSS,FordA,0.918939393939394
BOSS,FordB,0.8185185185185185
BOSS,FreezerRegularTrain,0.983859649122807
BOSS,FreezerSmallTrain,0.9129824561403509
BOSS,GunPoint,1.0
BOSS,GunPointAgeSpan,1.0
BOSS,GunPointMaleVersusFemale,1.0
BOSS,GunPointOldVersusYoung,1.0
BOSS,Ham,0.6857142857142857
BOSS,HandOutlines,0.9135135135135135
BOSS,Haptics,0.5064935064935064
BOSS,Herring,0.59375
BOSS,HouseTwenty,0.957983193277311
BOSS,InlineSkate,0.4636363636363636
BOSS,InsectEPGRegularTrain,1.0
BOSS,InsectEPGSmallTrain,0.9959839357429718
BOSS,InsectWingbeatSound,0.5262626262626262
BOSS,ItalyPowerDemand,0.9271137026239067
BOSS,LargeKitchenAppliances,0.7626666666666667
BOSS,Lightning2,0.7868852459016393
BOSS,Lightning7,0.7123287671232876
BOSS,Mallat,0.9394456289978678
BOSS,Meat,0.9
BOSS,MedicalImages,0.7065789473684211
BOSS,MiddlePhalanxOutlineAgeGroup,0.5714285714285714
BOSS,MiddlePhalanxOutlineCorrect,0.7766323024054983
BOSS,MiddlePhalanxTW,0.5324675324675324
BOSS,MixedShapesRegularTrain,0.9455670103092784
BOSS,MixedShapesSmallTrain,0.9055670103092783
BOSS,MoteStrain,0.9113418530351438
BOSS,NonInvasiveFetalECGThorax1,0.8356234096692112
BOSS,NonInvasiveFetalECGThorax2,0.8666666666666667
BOSS,OliveOil,0.8666666666666667
BOSS,OSULeaf,0.9545454545454546
BOSS,PhalangesOutlinesCorrect,0.7668997668997669
BOSS,Phoneme,0.21677215189873417
BOSS,PickupGestureWiimoteZ,0.6
BOSS,PigAirwayPressure,0.8894230769230769
BOSS,PigArtPressure,0.9855769230769231
BOSS,PigCVP,0.9471153846153846
BOSS,Plane,1.0
BOSS,PowerCons,0.8944444444444445
BOSS,ProximalPhalanxOutlineAgeGroup,0.8390243902439024
BOSS,ProximalPhalanxOutlineCorrect,0.8487972508591065
BOSS,ProximalPhalanxTW,0.8097560975609757
BOSS,RefrigerationDevices,0.49066666666666664
BOSS,Rock,0.9
BOSS,ScreenType,0.43733333333333335
BOSS,SemgHandGenderCh2,0.875
BOSS,SemgHandMovementCh2,0.6422222222222222
BOSS,SemgHandSubjectCh2,0.8288888888888889
BOSS,ShakeGestureWiimoteZ,0.64
BOSS,ShapeletSim,1.0
BOSS,ShapesAll,0.905
BOSS,SmallKitchenAppliances,0.7973333333333333
BOSS,SmoothSubspace,0.38
BOSS,SonyAIBORobotSurface1,0.6189683860232945
BOSS,SonyAIBORobotSurface2,0.8982161594963274
BOSS,StarLightCurves,0.9776590577950461
BOSS,Strawberry,0.9702702702702702
BOSS,SwedishLeaf,0.9184
BOSS,Symbols,0.9608040201005025
BOSS,SyntheticControl,0.9633333333333334
BOSS,ToeSegmentation1,0.9385964912280702
BOSS,ToeSegmentation2,0.9692307692307692
BOSS,Trace,1.0
BOSS,TwoLeadECG,0.9824407374890255
BOSS,TwoPatterns,0.99275
BOSS,UMD,0.9791666666666666
BOSS,UWaveGestureLibraryAll,0.9349525404801786
BOSS,UWaveGestureLibraryX,0.7601898380792853
BOSS,UWaveGestureLibraryY,0.6733668341708543
BOSS,UWaveGestureLibraryZ,0.6825795644891123
BOSS,Wafer,0.9948085658663206
BOSS,Wine,0.7222222222222222
BOSS,WordSynonyms,0.6504702194357367
BOSS,Worms,0.5584415584415584
BOSS,WormsTwoClass,0.7402597402597403
BOSS,Yoga,0.906
cBOSS,ACSF1,0.89
cBOSS,Adiac,0.7902813299232737
cBOSS,ArrowHead,0.8171428571428572
cBOSS,Beef,0.6666666666666666
cBOSS,BeetleFly,0.95
cBOSS,BirdChicken,0.95
cBOSS,BME,0.6666666666666666
cBOSS,Car,0.8333333333333334
cBOSS,CBF,1.0
cBOSS,Chinatown,0.9504373177842566
cBOSS,ChlorineConcentration,0.67265625
cBOSS,CinCECGTorso,0.8398550724637681
cBOSS,Coffee,1.0
cBOSS,Computers,0.704
cBOSS,CricketX,0.7205128205128205
cBOSS,CricketY,0.7512820512820513
cBOSS,CricketZ,0.7384615384615385
cBOSS,Crop,0.7007142857142857
cBOSS,DiatomSizeReduction,0.8856209150326797
cBOSS,DistalPhalanxOutlineAgeGroup,0.7410071942446043
cBOSS,DistalPhalanxOutlineCorrect,0.7282608695652174
cBOSS,DistalPhalanxTW,0.6834532374100719
cBOSS,Earthquakes,0.7482014388489209
cBOSS,ECG200,0.85
cBOSS,ECG5000,0.9431111111111111
cBOSS,ECGFiveDays,1.0
cBOSS,ElectricDevices,0.7371287770717158
cBOSS,EOGHorizontalSignal,0.5248618784530387
cBOSS,EOGVerticalSignal,0.4143646408839779
cBOSS,EthanolLevel,0.438
cBOSS,FaceAll,0.7798816568047338
cBOSS,FaceFour,0.9772727272727273
cBOSS,FacesUCR,0.9560975609756097
cBOSS,FiftyWords,0.6967032967032967
cBOSS,Fish,0.9828571428571429
cBOSS,FordA,0.9090909090909091
cBOSS,FordB,0.7753086419753087
cBOSS,FreezerRegularTrain,0.9950877192982456
cBOSS,FreezerSmallTrain,0.9775438596491228
cBOSS,GunPoint,1.0
cBOSS,GunPointAgeSpan,1.0
cBOSS,GunPointMaleVersusFemale,0.9968354430379747
cBOSS,GunPointOldVersusYoung,0.9968253968253968
cBOSS,Ham,0.638095238095238
cBOSS,HandOutlines,0.9027027027027027
cBOSS,Haptics,0.4967532467532468
cBOSS,Herring,0.703125
cBOSS,HouseTwenty,0.9663865546218487
cBOSS,InlineSkate,0.46
cBOSS,InsectEPGRegularTrain,1.0
cBOSS,InsectEPGSmallTrain,1.0
cBOSS,InsectWingbeatSound,0.555050505050505
cBOSS,ItalyPowerDemand,0.9154518950437318
cBOSS,LargeKitchenAppliances,0.7253333333333334
cBOSS,Lightning2,0.7704918032786885
cBOSS,Lightning7,0.7123287671232876
cBOSS,Mallat,0.9424307036247335
cBOSS,Meat,0.8833333333333333
cBOSS,MedicalImages,0.6684210526315789
cBOSS,MiddlePhalanxOutlineAgeGroup,0.5974025974025974
cBOSS,MiddlePhalanxOutlineCorrect,0.7491408934707904
cBOSS,MiddlePhalanxTW,0.551948051948052
cBOSS,MixedShapesRegularTrain,0.9476288659793815
cBOSS,MixedShapesSmallTrain,0.8993814432989691
cBOSS,MoteStrain,0.9353035143769968
cBOSS,NonInvasiveFetalECGThorax1,0.8274809160305343
cBOSS,NonInvasiveFetalECGThorax2,0.8625954198473282
cBOSS,OliveOil,0.8666666666666667
cBOSS,OSULeaf,0.9834710743801653
cBOSS,PhalangesOutlinesCorrect,0.7762237762237763
cBOSS,Phoneme,0.29641350210970463
cBOSS,PickupGestureWiimoteZ,0.64
cBOSS,PigAirwayPressure,0.9086538461538461
cBOSS,PigArtPressure,0.9903846153846154
cBOSS,PigCVP,0.9711538461538461
cBOSS,Plane,1.0
cBOSS,PowerCons,0.8777777777777778
cBOSS,ProximalPhalanxOutlineAgeGroup,0.848780487804878
cBOSS,ProximalPhalanxOutlineCorrect,0.8419243986254296
cBOSS,ProximalPhalanxTW,0.8
cBOSS,RefrigerationDevices,0.48
cBOSS,Rock,0.9
cBOSS,ScreenType,0.472
cBOSS,SemgHandGenderCh2,0.865
cBOSS,SemgHandMovementCh2,0.6266666666666667
cBOSS,SemgHandSubjectCh2,0.8266666666666667
cBOSS,ShakeGestureWiimoteZ,0.72
cBOSS,ShapeletSim,0.95
cBOSS,ShapesAll,0.9133333333333333
cBOSS,SmallKitchenAppliances,0.8053333333333333
cBOSS,SmoothSubspace,0.4066666666666667
cBOSS,SonyAIBORobotSurface1,0.5241264559068219
cBOSS,SonyAIBORobotSurface2,0.869884575026233
cBOSS,StarLightCurves,0.9763234579893152
cBOSS,Strawberry,0.972972972972973
cBOSS,SwedishLeaf,0.9248
cBOSS,Symbols,0.9316582914572864
cBOSS,SyntheticControl,0.9666666666666667
cBOSS,ToeSegmentation1,0.9473684210526315
cBOSS,ToeSegmentation2,0.9615384615384616
cBOSS,Trace,1.0
cBOSS,TwoLeadECG,0.9964881474978051
cBOSS,TwoPatterns,0.99275
cBOSS,UMD,0.9791666666666666
cBOSS,UWaveGestureLibraryAll,0.9296482412060302
cBOSS,UWaveGestureLibraryX,0.7554438860971524
cBOSS,UWaveGestureLibraryY,0.6811836962590732
cBOSS,UWaveGestureLibraryZ,0.6915131211613623
cBOSS,Wafer,0.9991888384166125
cBOSS,Wine,0.7777777777777778
cBOSS,WordSynonyms,0.6630094043887147
cBOSS,Worms,0.6103896103896104
cBOSS,WormsTwoClass,0.8051948051948052
cBOSS,Yoga,0.9203333333333333
TDE,ACSF1,0.91
TDE,Adiac,0.7800511508951407
TDE,ArrowHead,0.88
TDE,Beef,0.8
TDE,BeetleFly,0.95
TDE,BirdChicken,0.95
TDE,BME,0.9
TDE,Car,0.8333333333333334
TDE,CBF,0.9955555555555555
TDE,Chinatown,0.956268221574344
TDE,ChlorineConcentration,0.7010416666666667
TDE,CinCECGTorso,0.9971014492753624
TDE,Coffee,1.0
TDE,Computers,0.72
TDE,CricketX,0.8179487179487179
TDE,CricketY,0.7948717948717948
TDE,CricketZ,0.8076923076923077
TDE,Crop,0.7170238095238095
TDE,DiatomSizeReduction,0.8921568627450981
TDE,DistalPhalanxOutlineAgeGroup,0.7410071942446043
TDE,DistalPhalanxOutlineCorrect,0.717391304347826
TDE,DistalPhalanxTW,0.6474820143884892
TDE,Earthquakes,0.7482014388489209
TDE,ECG200,0.85
TDE,ECG5000,0.9437777777777778
TDE,ECGFiveDays,1.0
TDE,ElectricDevices,0.7454286084813903
TDE,EOGHorizontalSignal,0.47790055248618785
TDE,EOGVerticalSignal,0.48342541436464087
TDE,EthanolLevel,0.492
TDE,FaceAll,0.7769230769230769
TDE,FaceFour,1.0
TDE,FacesUCR,0.9521951219512195
TDE,FiftyWords,0.7912087912087912
TDE,Fish,0.9828571428571429
TDE,FordA,0.9257575757575758
TDE,FordB,0.817283950617284
TDE,FreezerRegularTrain,0.9943859649122807
TDE,FreezerSmallTrain,0.8778947368421053
TDE,GunPoint,1.0
TDE,GunPointAgeSpan,1.0
TDE,GunPointMaleVersusFemale,0.9968354430379747
TDE,GunPointOldVersusYoung,0.9968253968253968
TDE,Ham,0.638095238095238
TDE,HandOutlines,0.9216216216216216
TDE,Haptics,0.5422077922077922
TDE,Herring,0.59375
TDE,HouseTwenty,0.9747899159663865
TDE,InlineSkate,0.5072727272727273
TDE,InsectEPGRegularTrain,1.0
TDE,InsectEPGSmallTrain,1.0
TDE,InsectWingbeatSound,0.5959595959595959
TDE,ItalyPowerDemand,0.9601554907677357
TDE,LargeKitchenAppliances,0.8213333333333334
TDE,Lightning2,0.7868852459016393
TDE,Lightning7,0.7123287671232876
TDE,Mallat,0.9053304904051173
TDE,Meat,0.8833333333333333
TDE,MedicalImages,0.756578947368421
TDE,MiddlePhalanxOutlineAgeGroup,0.564935064935065
TDE,MiddlePhalanxOutlineCorrect,0.7594501718213058
TDE,MiddlePhalanxTW,0.5974025974025974
TDE,MixedShapesRegularTrain,0.9748453608247423
TDE,MixedShapesSmallTrain,0.9484536082474226
TDE,MoteStrain,0.9512779552715654
TDE,NonInvasiveFetalECGThorax1,0.8351145038167939
TDE,NonInvasiveFetalECGThorax2,0.8824427480916031
TDE,OliveOil,0.8666666666666667
TDE,OSULeaf,0.9545454545454546
TDE,PhalangesOutlinesCorrect,0.7738927738927739
TDE,Phoneme,0.3639240506329114
TDE,PickupGestureWiimoteZ,0.66
TDE,PigAirwayPressure,0.9615384615384616
TDE,PigArtPressure,1.0
TDE,PigCVP,0.9519230769230769
TDE,Plane,1.0
TDE,PowerCons,0.95
TDE,ProximalPhalanxOutlineAgeGroup,0.8634146341463415
TDE,ProximalPhalanxOutlineCorrect,0.8625429553264605
TDE,ProximalPhalanxTW,0.8
TDE,RefrigerationDevices,0.5253333333333333
TDE,Rock,0.84
TDE,ScreenType,0.56
TDE,SemgHandGenderCh2,0.8783333333333333
TDE,SemgHandMovementCh2,0.6911111111111111
TDE,SemgHandSubjectCh2,0.8422222222222222
TDE,ShakeGestureWiimoteZ,0.82
TDE,ShapeletSim,1.0
TDE,ShapesAll,0.935
TDE,SmallKitchenAppliances,0.8053333333333333
TDE,SmoothSubspace,0.8933333333333333
TDE,SonyAIBORobotSurface1,0.6206322795341098
TDE,SonyAIBORobotSurface2,0.8793284365162645
TDE,StarLightCurves,0.9788732394366197
TDE,Strawberry,0.972972972972973
TDE,SwedishLeaf,0.9216
TDE,Symbols,0.9738693467336683
TDE,SyntheticControl,0.9933333333333333
TDE,ToeSegmentation1,0.9736842105263158
TDE,ToeSegmentation2,0.9461538461538461
TDE,Trace,1.0
TDE,TwoLeadECG,0.9991220368744512
TDE,TwoPatterns,0.9985
TDE,UMD,0.9652777777777778
TDE,UWaveGestureLibraryAll,0.9511446119486321
TDE,UWaveGestureLibraryX,0.8294249022892239
TDE,UWaveGestureLibraryY,0.785036292573981
TDE,UWaveGestureLibraryZ,0.7883863763260748
TDE,Wafer,0.9995133030499675
TDE,Wine,0.6296296296296297
TDE,WordSynonyms,0.7554858934169278
TDE,Worms,0.7922077922077922
TDE,WormsTwoClass,0.7922077922077922
TDE,Yoga,0.9256666666666666
MultiRocket,ACSF1,0.89
MultiRocket,Adiac,0.8363171355498721
MultiRocket,ArrowHead,0.8628571428571429
MultiRocket,Beef,0.7666666666666667
MultiRocket,BeetleFly,0.9
MultiRocket,BirdChicken,0.9
MultiRocket,BME,1.0
MultiRocket,Car,0.9166666666666666
MultiRocket,CBF,0.9955555555555555
MultiRocket,Chinatown,0.9766763848396501
MultiRocket,ChlorineConcentration,0.78984375
MultiRocket,CinCECGTorso,0.9507246376811594
MultiRocket,Coffee,1.0
MultiRocket,Computers,0.796
MultiRocket,CricketX,0.7897435897435897
MultiRocket,CricketY,0.8487179487179487
MultiRocket,CricketZ,0.8307692307692308
MultiRocket,Crop,0.7738095238095238
MultiRocket,DiatomSizeReduction,0.9607843137254902
MultiRocket,DistalPhalanxOutlineAgeGroup,0.7769784172661871
MultiRocket,DistalPhalanxOutlineCorrect,0.7971014492753623
MultiRocket,DistalPhalanxTW,0.6906474820143885
MultiRocket,Earthquakes,0.7482014388489209
MultiRocket,ECG200,0.92
MultiRocket,ECG5000,0.9457777777777778
MultiRocket,ECGFiveDays,1.0
MultiRocket,ElectricDevices,0.7369990922059396
MultiRocket,EOGHorizontalSignal,0.643646408839779
MultiRocket,EOGVerticalSignal,0.5359116022099447
MultiRocket,EthanolLevel,0.634
MultiRocket,FaceAll,0.8029585798816568
MultiRocket,FaceFour,0.9545454545454546
MultiRocket,FacesUCR,0.9614634146341463
MultiRocket,FiftyWords,0.8549450549450549
MultiRocket,Fish,0.9828571428571429
MultiRocket,FordA,0.9568181818181818
MultiRocket,FordB,0.8382716049382716
MultiRocket,FreezerRegularTrain,0.9996491228070176
MultiRocket,FreezerSmallTrain,0.9950877192982456
MultiRocket,GunPoint,1.0
MultiRocket,GunPointAgeSpan,1.0
MultiRocket,GunPointMaleVersusFemale,1.0
MultiRocket,GunPointOldVersusYoung,1.0
MultiRocket,Ham,0.7238095238095238
MultiRocket,HandOutlines,0.9540540540540541
MultiRocket,Haptics,0.564935064935065
MultiRocket,Herring,0.703125
MultiRocket,HouseTwenty,0.9915966386554622
MultiRocket,InlineSkate,0.4709090909090909
MultiRocket,InsectEPGRegularTrain,1.0
MultiRocket,InsectEPGSmallTrain,1.0
MultiRocket,InsectWingbeatSound,0.6752525252525252
MultiRocket,ItalyPowerDemand,0.9698736637512148
MultiRocket,LargeKitchenAppliances,0.888
MultiRocket,Lightning2,0.6885245901639344
MultiRocket,Lightning7,0.8356164383561644
MultiRocket,Mallat,0.9257995735607676
MultiRocket,Meat,0.9333333333333333
MultiRocket,MedicalImages,0.7986842105263158
MultiRocket,MiddlePhalanxOutlineAgeGroup,0.6298701298701299
MultiRocket,MiddlePhalanxOutlineCorrect,0.8625429553264605
MultiRocket,MiddlePhalanxTW,0.538961038961039
MultiRocket,MixedShapesRegularTrain,0.9822680412371134
MultiRocket,MixedShapesSmallTrain,0.965360824742268
MultiRocket,MoteStrain,0.9456869009584664
MultiRocket,NonInvasiveFetalECGThorax1,0.9582697201017811
MultiRocket,NonInvasiveFetalECGThorax2,0.9679389312977099
MultiRocket,OliveOil,0.9666666666666667
MultiRocket,OSULeaf,0.9628099173553719
MultiRocket,PhalangesOutlinesCorrect,0.8531468531468531
MultiRocket,Phoneme,0.3528481012658228
MultiRocket,PickupGestureWiimoteZ,0.82
MultiRocket,PigAirwayPressure,0.6057692307692307
MultiRocket,PigArtPressure,0.9519230769230769
MultiRocket,PigCVP,0.8798076923076923
MultiRocket,Plane,1.0
MultiRocket,PowerCons,0.9833333333333333
MultiRocket,ProximalPhalanxOutlineAgeGroup,0.8536585365853658
MultiRocket,ProximalPhalanxOutlineCorrect,0.9278350515463918
MultiRocket,ProximalPhalanxTW,0.824390243902439
MultiRocket,RefrigerationDevices,0.52
MultiRocket,Rock,0.86
MultiRocket,ScreenType,0.552
MultiRocket,SemgHandGenderCh2,0.9433333333333334
MultiRocket,SemgHandMovementCh2,0.8022222222222222
MultiRocket,SemgHandSubjectCh2,0.9155555555555556
MultiRocket,ShakeGestureWiimoteZ,0.94
MultiRocket,ShapeletSim,1.0
MultiRocket,ShapesAll,0.9283333333333333
MultiRocket,SmallKitchenAppliances,0.8213333333333334
MultiRocket,SmoothSubspace,0.9733333333333334
MultiRocket,SonyAIBORobotSurface1,0.8868552412645591
MultiRocket,SonyAIBORobotSurface2,0.9391395592864638
MultiRocket,StarLightCurves,0.9817872753763963
MultiRocket,Strawberry,0.9756756756756757
MultiRocket,SwedishLeaf,0.976
MultiRocket,Symbols,0.9809045226130654
MultiRocket,SyntheticControl,0.9966666666666667
MultiRocket,ToeSegmentation1,0.9473684210526315
MultiRocket,ToeSegmentation2,0.9076923076923077
MultiRocket,Trace,1.0
MultiRocket,TwoLeadECG,0.9982440737489026
MultiRocket,TwoPatterns,1.0
MultiRocket,UMD,0.9930555555555556
MultiRocket,UWaveGestureLibraryAll,0.9807370184254607
MultiRocket,UWaveGestureLibraryX,0.871859296482412
MultiRocket,UWaveGestureLibraryY,0.804857621440536
MultiRocket,Wafer,0.9993510707332901
MultiRocket,Wine,0.8703703703703703
MultiRocket,WordSynonyms,0.7774294670846394
MultiRocket,Worms,0.7532467532467533
MultiRocket,WormsTwoClass,0.7922077922077922
MultiRocket,Yoga,0.9186666666666666
TS-CHIEF,ACSF1,0.807
TS-CHIEF,Adiac,0.779710145
TS-CHIEF,ArrowHead,0.881142857
TS-CHIEF,Beef,0.632222222
TS-CHIEF,BeetleFly,0.958333333
TS-CHIEF,BirdChicken,0.963333333
TS-CHIEF,BME,0.996444444
TS-CHIEF,Car,0.878888889
TS-CHIEF,CBF,0.998444444
TS-CHIEF,Chinatown,0.961835749
TS-CHIEF,ChlorineConcentration,0.660842014
TS-CHIEF,CinCECGTorso,0.953429952
TS-CHIEF,Coffee,0.99047619
TS-CHIEF,Computers,0.753866667
TS-CHIEF,CricketX,0.83042735
TS-CHIEF,CricketY,0.817008547
TS-CHIEF,CricketZ,0.838205128
TS-CHIEF,Crop,0.76210119
TS-CHIEF,DiatomSizeReduction,0.945860566
TS-CHIEF,DistalPhalanxOutlineAgeGroup,0.828057554
TS-CHIEF,DistalPhalanxOutlineCorrect,0.819323671
TS-CHIEF,DistalPhalanxTW,0.691846523
TS-CHIEF,Earthquakes,0.748201439
TS-CHIEF,ECG200,0.855
TS-CHIEF,ECG5000,0.948459259
TS-CHIEF,ECGFiveDays,0.994425087
TS-CHIEF,ElectricDevices,0.865041283
TS-CHIEF,EOGHorizontalSignal,0.853683241
TS-CHIEF,EOGVerticalSignal,0.809484346
TS-CHIEF,EthanolLevel,0.6056
TS-CHIEF,FaceAll,0.982721893
TS-CHIEF,FaceFour,0.999621212
TS-CHIEF,FacesUCR,0.972926829
TS-CHIEF,FiftyWords,0.842710623
TS-CHIEF,Fish,0.98152381
TS-CHIEF,FordA,0.94739899
TS-CHIEF,FreezerRegularTrain,0.998491228
TS-CHIEF,FreezerSmallTrain,0.995461988
TS-CHIEF,GunPoint,1
TS-CHIEF,GunPointAgeSpan,0.999578059
TS-CHIEF,GunPointMaleVersusFemale,0.999367089
TS-CHIEF,GunPointOldVersusYoung,1
TS-CHIEF,Ham,0.805079365
TS-CHIEF,Haptics,0.523268398
TS-CHIEF,Herring,0.597395833
TS-CHIEF,HouseTwenty,0.970308123
TS-CHIEF,InlineSkate,0.571878788
TS-CHIEF,InsectEPGRegularTrain,1
TS-CHIEF,InsectEPGSmallTrain,1
TS-CHIEF,InsectWingbeatSound,0.632222222
TS-CHIEF,ItalyPowerDemand,0.962423064
TS-CHIEF,LargeKitchenAppliances,0.860177778
TS-CHIEF,Lightning2,0.768852459
TS-CHIEF,Lightning7,0.793607306
TS-CHIEF,Mallat,0.976702203
TS-CHIEF,Meat,0.984444444
TS-CHIEF,MedicalImages,0.799122807
TS-CHIEF,MiddlePhalanxOutlineAgeGroup,0.694372294
TS-CHIEF,MiddlePhalanxOutlineCorrect,0.805841924
TS-CHIEF,MiddlePhalanxTW,0.573160173
TS-CHIEF,MixedShapesRegularTrain,0.971381443
TS-CHIEF,MixedShapesSmallTrain,0.947257732
TS-CHIEF,MoteStrain,0.930111821
TS-CHIEF,OliveOil,0.916666667
TS-CHIEF,OSULeaf,0.973553719
TS-CHIEF,PhalangesOutlinesCorrect,0.825330225
TS-CHIEF,Phoneme,0.369848805
TS-CHIEF,PigAirwayPressure,0.960096154
TS-CHIEF,PigArtPressure,0.968910256
TS-CHIEF,PigCVP,0.961378205
TS-CHIEF,Plane,1
TS-CHIEF,PowerCons,0.979444444
TS-CHIEF,ProximalPhalanxOutlineAgeGroup,0.846341463
TS-CHIEF,ProximalPhalanxOutlineCorrect,0.875486827
TS-CHIEF,ProximalPhalanxTW,0.811056911
TS-CHIEF,RefrigerationDevices,0.726844444
TS-CHIEF,Rock,0.832
TS-CHIEF,ScreenType,0.594222222
TS-CHIEF,SemgHandGenderCh2,0.938888889
TS-CHIEF,SemgHandMovementCh2,0.884962963
TS-CHIEF,SemgHandSubjectCh2,0.933111111
TS-CHIEF,ShapeletSim,1
TS-CHIEF,ShapesAll,0.941055556
TS-CHIEF,SmallKitchenAppliances,0.837955556
TS-CHIEF,SmoothSubspace,0.997333333
TS-CHIEF,SonyAIBORobotSurface1,0.889739323
TS-CHIEF,SonyAIBORobotSurface2,0.901084295
TS-CHIEF,StarLightCurves,0.98112757
TS-CHIEF,Strawberry,0.973963964
TS-CHIEF,SwedishLeaf,0.96192
TS-CHIEF,Symbols,0.970820771
TS-CHIEF,SyntheticControl,0.999
TS-CHIEF,ToeSegmentation1,0.959795322
TS-CHIEF,ToeSegmentation2,0.962564103
TS-CHIEF,Trace,1
TS-CHIEF,TwoLeadECG,0.990079017
TS-CHIEF,TwoPatterns,0.999991667
TS-CHIEF,UMD,0.983333333
TS-CHIEF,UWaveGestureLibraryAll,0.970742602
TS-CHIEF,UWaveGestureLibraryX,0.846780197
TS-CHIEF,UWaveGestureLibraryY,0.788023451
TS-CHIEF,UWaveGestureLibraryZ,0.791178113
TS-CHIEF,Wafer,0.998923859
TS-CHIEF,Wine,0.898148148
TS-CHIEF,WordSynonyms,0.793678161
TS-CHIEF,Worms,0.768398268
TS-CHIEF,WormsTwoClass,0.786147186
TS-CHIEF,Yoga,0.872633333
HC1,ACSF1,0.85
HC1,Adiac,0.796248934
HC1,ArrowHead,0.876
HC1,Beef,0.735555556
HC1,BeetleFly,0.963333333
HC1,BirdChicken,0.94
HC1,BME,0.982222222
HC1,Car,0.868888889
HC1,CBF,0.998259259
HC1,Chinatown,0.962779397
HC1,ChlorineConcentration,0.733949653
HC1,CinCECGTorso,0.993743961
HC1,Coffee,0.992857143
HC1,Computers,0.811066667
HC1,CricketX,0.816153846
HC1,CricketY,0.80982906
HC1,CricketZ,0.833931624
HC1,Crop,0.768162698
HC1,DiatomSizeReduction,0.914270153
HC1,DistalPhalanxOutlineAgeGroup,0.823980815
HC1,DistalPhalanxOutlineCorrect,0.823550725
HC1,DistalPhalanxTW,0.69616307
HC1,Earthquakes,0.747482014
HC1,ECG200,0.858666667
HC1,ECG5000,0.945622222
HC1,ECGFiveDays,0.993766938
HC1,ElectricDevices,0.879708641
HC1,EOGHorizontalSignal,0.795672192
HC1,EOGVerticalSignal,0.762983425
HC1,EthanolLevel,0.849
HC1,FaceAll,0.979723866
HC1,FaceFour,0.973106061
HC1,FacesUCR,0.961349593
HC1,FiftyWords,0.771648352
HC1,Fish,0.979428571
HC1,FordA,0.944116162
HC1,FreezerRegularTrain,0.999087719
HC1,FreezerSmallTrain,0.983660819
HC1,GunPoint,0.998222222
HC1,GunPointAgeSpan,0.996624473
HC1,GunPointMaleVersusFemale,0.999894515
HC1,GunPointOldVersusYoung,1
HC1,Ham,0.84
HC1,Haptics,0.539393939
HC1,Herring,0.611979167
HC1,HouseTwenty,0.978711485
HC1,InlineSkate,0.515151515
HC1,InsectEPGRegularTrain,1
HC1,InsectEPGSmallTrain,1
HC1,InsectWingbeatSound,0.64026936
HC1,ItalyPowerDemand,0.958179462
HC1,LargeKitchenAppliances,0.920088889
HC1,Lightning2,0.773224044
HC1,Lightning7,0.757534247
HC1,Mallat,0.967192608
HC1,Meat,0.986111111
HC1,MedicalImages,0.740350877
HC1,MiddlePhalanxOutlineAgeGroup,0.697835498
HC1,MiddlePhalanxOutlineCorrect,0.812943872
HC1,MiddlePhalanxTW,0.583766234
HC1,MixedShapesRegularTrain,0.965924399
HC1,MixedShapesSmallTrain,0.944687285
HC1,MoteStrain,0.936501597
HC1,OliveOil,0.883333333
HC1,OSULeaf,0.974793388
HC1,PhalangesOutlinesCorrect,0.826495726
HC1,Phoneme,0.37116737
HC1,PigAirwayPressure,0.957692308
HC1,PigArtPressure,0.966826923
HC1,PigCVP,0.953044872
HC1,Plane,1
HC1,PowerCons,0.992407407
HC1,ProximalPhalanxOutlineAgeGroup,0.855934959
HC1,ProximalPhalanxOutlineCorrect,0.885223368
HC1,ProximalPhalanxTW,0.816097561
HC1,RefrigerationDevices,0.790933333
HC1,Rock,0.855333333
HC1,ScreenType,0.724177778
HC1,SemgHandGenderCh2,0.969166667
HC1,SemgHandMovementCh2,0.888962963
HC1,SemgHandSubjectCh2,0.950592593
HC1,ShapeletSim,1
HC1,ShapesAll,0.931277778
HC1,SmallKitchenAppliances,0.828266667
HC1,SmoothSubspace,0.986222222
HC1,SonyAIBORobotSurface1,0.826344981
HC1,SonyAIBORobotSurface2,0.936656173
HC1,StarLightCurves,0.979557228
HC1,Strawberry,0.975135135
HC1,SwedishLeaf,0.94944
HC1,Symbols,0.968509213
HC1,SyntheticControl,0.994222222
HC1,ToeSegmentation1,0.959649123
HC1,ToeSegmentation2,0.968205128
HC1,Trace,1
HC1,TwoLeadECG,0.996283289
HC1,TwoPatterns,0.999483333
HC1,UMD,0.967361111
HC1,UWaveGestureLibraryAll,0.966620138
HC1,UWaveGestureLibraryX,0.833454309
HC1,UWaveGestureLibraryY,0.754680811
HC1,UWaveGestureLibraryZ,0.77514424
HC1,Wafer,0.999859399
HC1,Wine,0.891975309
HC1,WordSynonyms,0.693155695
HC1,Worms,0.716450216
HC1,WormsTwoClass,0.78961039
HC1,Yoga,0.912433333
InceptionTime,ACSF1,0.826666667
InceptionTime,Adiac,0.822080136
InceptionTime,ArrowHead,0.880380952
InceptionTime,Beef,0.682222222
InceptionTime,BeetleFly,0.893333333
InceptionTime,BirdChicken,0.951666667
InceptionTime,BME,0.996444444
InceptionTime,Car,0.901111111
InceptionTime,CBF,0.996111111
InceptionTime,Chinatown,0.964820214
InceptionTime,ChlorineConcentration,0.863611111
InceptionTime,CinCECGTorso,0.832125604
InceptionTime,Coffee,0.998809524
InceptionTime,Computers,0.865866667
InceptionTime,CricketX,0.853333333
InceptionTime,CricketY,0.85982906
InceptionTime,CricketZ,0.860940171
InceptionTime,Crop,0.793255952
InceptionTime,DiatomSizeReduction,0.95087146
InceptionTime,DistalPhalanxOutlineAgeGroup,0.765707434
InceptionTime,DistalPhalanxOutlineCorrect,0.815338164
InceptionTime,DistalPhalanxTW,0.665467626
InceptionTime,Earthquakes,0.73117506
InceptionTime,ECG200,0.896666667
InceptionTime,ECG5000,0.942118519
InceptionTime,ECGFiveDays,0.99585753
InceptionTime,ElectricDevices,0.890169887
InceptionTime,EOGHorizontalSignal,0.883517495
InceptionTime,EOGVerticalSignal,0.814732965
InceptionTime,EthanolLevel,0.875133333
InceptionTime,FaceAll,0.983195266
InceptionTime,FaceFour,0.938636364
InceptionTime,FacesUCR,0.97695935
InceptionTime,FiftyWords,0.826739927
InceptionTime,Fish,0.972761905
InceptionTime,FordA,0.959040404
InceptionTime,FreezerRegularTrain,0.99574269
InceptionTime,FreezerSmallTrain,0.948830409
InceptionTime,GunPoint,0.995111111
InceptionTime,GunPointAgeSpan,0.98407173
InceptionTime,GunPointMaleVersusFemale,0.998312236
InceptionTime,GunPointOldVersusYoung,1
InceptionTime,Ham,0.85047619
InceptionTime,Haptics,0.537012987
InceptionTime,Herring,0.625
InceptionTime,HouseTwenty,0.953221289
InceptionTime,InlineSkate,0.534424242
InceptionTime,InsectEPGRegularTrain,1
InceptionTime,InsectEPGSmallTrain,1
InceptionTime,InsectWingbeatSound,0.627356902
InceptionTime,ItalyPowerDemand,0.960349854
InceptionTime,LargeKitchenAppliances,0.952533333
InceptionTime,Lightning2,0.816939891
InceptionTime,Lightning7,0.820547945
InceptionTime,Mallat,0.962601279
InceptionTime,Meat,0.984444444
InceptionTime,MedicalImages,0.796359649
InceptionTime,MiddlePhalanxOutlineAgeGroup,0.594372294
InceptionTime,MiddlePhalanxOutlineCorrect,0.834249714
InceptionTime,MiddlePhalanxTW,0.527489177
InceptionTime,MixedShapesRegularTrain,0.966378007
InceptionTime,MixedShapesSmallTrain,0.913333333
InceptionTime,MoteStrain,0.88056443
InceptionTime,OliveOil,0.874444444
InceptionTime,OSULeaf,0.952479339
InceptionTime,PhalangesOutlinesCorrect,0.861344211
InceptionTime,Phoneme,0.334440928
InceptionTime,PigAirwayPressure,0.922115385
InceptionTime,PigArtPressure,0.933333333
InceptionTime,PigCVP,0.905288462
InceptionTime,Plane,0.996825397
InceptionTime,PowerCons,0.986296296
InceptionTime,ProximalPhalanxOutlineAgeGroup,0.822113821
InceptionTime,ProximalPhalanxOutlineCorrect,0.906300115
InceptionTime,ProximalPhalanxTW,0.781626016
InceptionTime,RefrigerationDevices,0.758933333
InceptionTime,Rock,0.628
InceptionTime,ScreenType,0.706044444
InceptionTime,SemgHandGenderCh2,0.884666667
InceptionTime,SemgHandMovementCh2,0.551555556
InceptionTime,SemgHandSubjectCh2,0.762888889
InceptionTime,ShapeletSim,0.923518519
InceptionTime,ShapesAll,0.938055556
InceptionTime,SmallKitchenAppliances,0.770755556
InceptionTime,SmoothSubspace,0.984666667
InceptionTime,SonyAIBORobotSurface1,0.954187465
InceptionTime,SonyAIBORobotSurface2,0.95127667
InceptionTime,StarLightCurves,0.978128541
InceptionTime,Strawberry,0.975495495
InceptionTime,SwedishLeaf,0.96976
InceptionTime,Symbols,0.96958124
InceptionTime,SyntheticControl,0.995777778
InceptionTime,ToeSegmentation1,0.953070175
InceptionTime,ToeSegmentation2,0.963589744
InceptionTime,Trace,1
InceptionTime,TwoLeadECG,0.994820018
InceptionTime,TwoPatterns,1
InceptionTime,UMD,0.979861111
InceptionTime,UWaveGestureLibraryAll,0.951191141
InceptionTime,UWaveGestureLibraryX,0.833538061
InceptionTime,UWaveGestureLibraryY,0.770761213
InceptionTime,UWaveGestureLibraryZ,0.773217942
InceptionTime,Wafer,0.998626433
InceptionTime,Wine,0.887037037
InceptionTime,WordSynonyms,0.752089864
InceptionTime,Worms,0.780952381
InceptionTime,WormsTwoClass,0.802597403
InceptionTime,Yoga,0.912411111
HC2,Chinatown,0.983
HC2,BME,1.0
HC2,BirdChicken,0.9
HC2,Coffee,1.0
HC2,BeetleFly,0.95
HC2,ECGFiveDays,1.0
HC2,FaceFour,0.977
HC2,DiatomSizeReduction,0.974
HC2,CBF,0.999
HC2,GunPoint,1.0
HC2,ArrowHead,0.88
HC2,Beef,0.833
HC2,ECG200,0.88
HC2,Car,0.9
HC2,FreezerSmallTrain,0.977
HC2,DistalPhalanxOutlineAgeGroup,0.755
HC2,Fish,0.989
HC2,DistalPhalanxTW,0.705
HC2,FacesUCR,0.965
HC2,FreezerRegularTrain,0.999
HC2,ACSF1,0.93
HC2,Earthquakes,0.748
HC2,DistalPhalanxOutlineCorrect,0.772
HC2,InsectEPGSmallTrain,1.0
HC2,ItalyPowerDemand,0.969
HC2,Computers,0.768
HC2,Herring,0.578
HC2,GunPointOldVersusYoung,1.0
HC2,GunPointAgeSpan,0.997
HC2,GunPointMaleVersusFemale,1.0
HC2,CinCECGTorso,0.999
HC2,InsectEPGRegularTrain,1.0
HC2,Ham,0.705
HC2,HouseTwenty,0.966
HC2,Lightning2,0.77
HC2,Adiac,0.808
HC2,ECG5000,0.946
HC2,CricketX,0.831
HC2,CricketZ,0.862
HC2,CricketY,0.851
HC2,FaceAll,0.904
HC2,Meat,0.933
HC2,Lightning7,0.795
HC2,InsectWingbeatSound,0.662
HC2,MoteStrain,0.967
HC2,FiftyWords,0.835
HC2,Haptics,0.558
HC2,OliveOil,0.9
HC2,ChlorineConcentration,0.759
HC2,InlineSkate,0.531
HC2,PickupGestureWiimoteZ,0.84
HC2,MiddlePhalanxOutlineAgeGroup,0.578
HC2,Plane,1.0
HC2,MedicalImages,0.801
HC2,EOGHorizontalSignal,0.652
HC2,PowerCons,0.972
HC2,EOGVerticalSignal,0.564
HC2,MiddlePhalanxTW,0.565
HC2,MiddlePhalanxOutlineCorrect,0.845
HC2,Mallat,0.971
HC2,LargeKitchenAppliances,0.909
HC2,OSULeaf,0.971
HC2,Rock,0.9
HC2,ProximalPhalanxOutlineAgeGroup,0.854
HC2,ShapeletSim,1.0
HC2,ProximalPhalanxTW,0.834
HC2,ShakeGestureWiimoteZ,0.9
HC2,SonyAIBORobotSurface1,0.913
HC2,SmoothSubspace,0.987
HC2,ProximalPhalanxOutlineCorrect,0.89
HC2,SonyAIBORobotSurface2,0.925
HC2,PigAirwayPressure,0.962
HC2,PigArtPressure,1.0
HC2,ToeSegmentation1,0.965
HC2,PigCVP,0.952
HC2,ToeSegmentation2,0.931
HC2,MixedShapesSmallTrain,0.958
HC2,TwoLeadECG,0.999
HC2,Symbols,0.975
HC2,Trace,1.0
HC2,UMD,0.993
HC2,SyntheticControl,1.0
HC2,Wine,0.907
HC2,EthanolLevel,0.688
HC2,RefrigerationDevices,0.547
HC2,ScreenType,0.573
HC2,SwedishLeaf,0.963
HC2,SmallKitchenAppliances,0.829
HC2,SemgHandGenderCh2,0.975
HC2,Strawberry,0.978
HC2,Phoneme,0.386
HC2,WormsTwoClass,0.831
HC2,Worms,0.74
HC2,WordSynonyms,0.76
HC2,PhalangesOutlinesCorrect,0.834
HC2,Yoga,0.933
HC2,SemgHandSubjectCh2,0.936
HC2,SemgHandMovementCh2,0.862
HC2,TwoPatterns,1.0
HC2,ShapesAll,0.918
HC2,Wafer,1.0
HC2,MixedShapesRegularTrain,0.975
HC2,UWaveGestureLibraryX,0.856
HC2,UWaveGestureLibraryY,0.774
HC2,UWaveGestureLibraryZ,0.795
HC2,UWaveGestureLibraryAll,0.974
HC2,HandOutlines,0.941
HC2,NonInvasiveFetalECGThorax2,0.966
HC2,NonInvasiveFetalECGThorax1,0.95
HC2,StarLightCurves,0.983
HC2,FordB,0.825
HC2,FordA,0.946
HC2,Crop,0.76
HC2,ElectricDevices,0.757618986
Arsenal,ACSF1,0.89
Arsenal,Adiac,0.777493606
Arsenal,ArrowHead,0.817142857
Arsenal,Beef,0.833333333
Arsenal,BeetleFly,0.9
Arsenal,BirdChicken,0.9
Arsenal,BME,1
Arsenal,Car,0.916666667
Arsenal,CBF,1
Arsenal,Chinatown,0.979710145
Arsenal,ChlorineConcentration,0.78828125
Arsenal,CinCECGTorso,0.839130435
Arsenal,Coffee,1
Arsenal,Computers,0.764
Arsenal,CricketX,0.807692308
Arsenal,CricketY,0.843589744
Arsenal,CricketZ,0.861538462
Arsenal,Crop,0.744880952
Arsenal,DiatomSizeReduction,0.973856209
Arsenal,DistalPhalanxOutlineAgeGroup,0.755395683
Arsenal,DistalPhalanxOutlineCorrect,0.760869565
Arsenal,DistalPhalanxTW,0.71942446
Arsenal,Earthquakes,0.748201439
Arsenal,ECG200,0.9
Arsenal,ECG5000,0.946222222
Arsenal,ECGFiveDays,1
Arsenal,ElectricDevices,0.732200752
Arsenal,EOGHorizontalSignal,0.643646409
Arsenal,EOGVerticalSignal,0.552486188
Arsenal,EthanolLevel,0.584
Arsenal,FaceAll,0.946745562
Arsenal,FaceFour,0.977272727
Arsenal,FacesUCR,0.96195122
Arsenal,FiftyWords,0.821978022
Arsenal,Fish,0.977142857
Arsenal,FordA,0.946212121
Arsenal,FordB,0.803703704
Arsenal,FreezerRegularTrain,0.997192982
Arsenal,FreezerSmallTrain,0.950175439
Arsenal,GunPoint,1
Arsenal,GunPointAgeSpan,0.996835443
Arsenal,GunPointMaleVersusFemale,0.996835443
Arsenal,GunPointOldVersusYoung,0.987301587
Arsenal,Ham,0.733333333
Arsenal,HandOutlines,0.935135135
Arsenal,Haptics,0.519480519
Arsenal,Herring,0.671875
Arsenal,HouseTwenty,0.966386555
Arsenal,InlineSkate,0.469090909
Arsenal,InsectEPGRegularTrain,1
Arsenal,InsectEPGSmallTrain,0.983935743
Arsenal,InsectWingbeatSound,0.658080808
Arsenal,ItalyPowerDemand,0.967930029
Arsenal,LargeKitchenAppliances,0.904
Arsenal,Lightning2,0.754098361
Arsenal,Lightning7,0.808219178
Arsenal,Mallat,0.957782516
Arsenal,Meat,0.95
Arsenal,MedicalImages,0.8
Arsenal,MiddlePhalanxOutlineAgeGroup,0.597402597
Arsenal,MiddlePhalanxOutlineCorrect,0.828178694
Arsenal,MiddlePhalanxTW,0.558441558
Arsenal,MixedShapesRegularTrain,0.970309278
Arsenal,MixedShapesSmallTrain,0.940618557
Arsenal,MoteStrain,0.920926518
Arsenal,NonInvasiveFetalECGThorax1,0.949109415
Arsenal,NonInvasiveFetalECGThorax2,0.965394402
Arsenal,OliveOil,0.933333333
Arsenal,OSULeaf,0.938016529
Arsenal,PhalangesOutlinesCorrect,0.82983683
Arsenal,Phoneme,0.278481013
Arsenal,PigAirwayPressure,0.086538462
Arsenal,PigArtPressure,0.956730769
Arsenal,PigCVP,0.932692308
Arsenal,Plane,1
Arsenal,PowerCons,0.933333333
Arsenal,ProximalPhalanxOutlineAgeGroup,0.853658537
Arsenal,ProximalPhalanxOutlineCorrect,0.89347079
Arsenal,ProximalPhalanxTW,0.814634146
Arsenal,RefrigerationDevices,0.536
Arsenal,Rock,0.9
Arsenal,ScreenType,0.493333333
Arsenal,SemgHandGenderCh2,0.925
Arsenal,SemgHandMovementCh2,0.628888889
Arsenal,SemgHandSubjectCh2,0.877777778
Arsenal,ShapeletSim,1
Arsenal,ShapesAll,0.91
Arsenal,SmallKitchenAppliances,0.818666667
Arsenal,SmoothSubspace,0.98
Arsenal,SonyAIBORobotSurface1,0.921797005
Arsenal,SonyAIBORobotSurface2,0.909758657
Arsenal,StarLightCurves,0.98081593
Arsenal,Strawberry,0.978378378
Arsenal,SwedishLeaf,0.9632
Arsenal,Symbols,0.973869347
Arsenal,SyntheticControl,1
Arsenal,ToeSegmentation1,0.964912281
Arsenal,ToeSegmentation2,0.923076923
Arsenal,Trace,1
Arsenal,TwoLeadECG,0.999122037
Arsenal,TwoPatterns,1
Arsenal,UMD,0.993055556
Arsenal,UWaveGestureLibraryAll,0.974874372
Arsenal,UWaveGestureLibraryX,0.855667225
Arsenal,UWaveGestureLibraryY,0.770798437
Arsenal,UWaveGestureLibraryZ,0.792573981
Arsenal,Wafer,0.998215445
Arsenal,Wine,0.833333333
Arsenal,WordSynonyms,0.742946708
Arsenal,Worms,0.727272727
Arsenal,WormsTwoClass,0.779220779
Arsenal,Yoga,0.905333333
WEASEL (dilation),ACSF1,0.96
WEASEL (dilation),Adiac,0.8439897698209718
WEASEL (dilation),ArrowHead,0.8571428571428571
WEASEL (dilation),Beef,0.8333333333333334
WEASEL (dilation),BeetleFly,0.95
WEASEL (dilation),BirdChicken,0.9
WEASEL (dilation),BME,0.98
WEASEL (dilation),Car,0.9166666666666666
WEASEL (dilation),CBF,0.98
WEASEL (dilation),Chinatown,0.9766763848396501
WEASEL (dilation),ChlorineConcentration,0.7666666666666667
WEASEL (dilation),CinCECGTorso,0.9615942028985507
WEASEL (dilation),Coffee,1.0
WEASEL (dilation),Computers,0.716
WEASEL (dilation),CricketX,0.8128205128205128
WEASEL (dilation),CricketY,0.8102564102564103
WEASEL (dilation),CricketZ,0.8076923076923077
WEASEL (dilation),Crop,0.7608928571428571
WEASEL (dilation),DiatomSizeReduction,0.9673202614379085
WEASEL (dilation),DistalPhalanxOutlineAgeGroup,0.7769784172661871
WEASEL (dilation),DistalPhalanxOutlineCorrect,0.782608695652174
WEASEL (dilation),DistalPhalanxTW,0.697841726618705
WEASEL (dilation),Earthquakes,0.7482014388489209
WEASEL (dilation),ECG200,0.89
WEASEL (dilation),ECG5000,0.9482222222222222
WEASEL (dilation),ECGFiveDays,0.9709639953542393
WEASEL (dilation),ElectricDevices,0.7731811697574893
WEASEL (dilation),EOGHorizontalSignal,0.6160220994475138
WEASEL (dilation),EOGVerticalSignal,0.47513812154696133
WEASEL (dilation),EthanolLevel,0.586
WEASEL (dilation),FaceAll,0.7846153846153846
WEASEL (dilation),FaceFour,0.9431818181818182
WEASEL (dilation),FacesUCR,0.9463414634146341
WEASEL (dilation),FiftyWords,0.832967032967033
WEASEL (dilation),Fish,0.9885714285714285
WEASEL (dilation),FordA,0.9606060606060606
WEASEL (dilation),FordB,0.8395061728395061
WEASEL (dilation),FreezerRegularTrain,0.9933333333333333
WEASEL (dilation),FreezerSmallTrain,0.9743859649122807
WEASEL (dilation),GunPoint,1.0
WEASEL (dilation),GunPointAgeSpan,1.0
WEASEL (dilation),GunPointMaleVersusFemale,0.9968354430379747
WEASEL (dilation),GunPointOldVersusYoung,0.9936507936507937
WEASEL (dilation),Ham,0.7619047619047619
WEASEL (dilation),HandOutlines,0.9594594594594594
WEASEL (dilation),Haptics,0.4902597402597403
WEASEL (dilation),Herring,0.671875
WEASEL (dilation),HouseTwenty,0.9663865546218487
WEASEL (dilation),InlineSkate,0.44363636363636366
WEASEL (dilation),InsectEPGRegularTrain,1.0
WEASEL (dilation),InsectEPGSmallTrain,0.9839357429718876
WEASEL (dilation),InsectWingbeatSound,0.6388888888888888
WEASEL (dilation),ItalyPowerDemand,0.9591836734693877
WEASEL (dilation),LargeKitchenAppliances,0.8373333333333334
WEASEL (dilation),Lightning2,0.7213114754098361
WEASEL (dilation),Lightning7,0.8082191780821918
WEASEL (dilation),Mallat,0.9381663113006397
WEASEL (dilation),Meat,0.9166666666666666
WEASEL (dilation),MedicalImages,0.7802631578947369
WEASEL (dilation),MiddlePhalanxOutlineAgeGroup,0.6103896103896104
WEASEL (dilation),MiddlePhalanxOutlineCorrect,0.8350515463917526
WEASEL (dilation),MiddlePhalanxTW,0.551948051948052
WEASEL (dilation),MixedShapesRegularTrain,0.9748453608247423
WEASEL (dilation),MixedShapesSmallTrain,0.9616494845360825
WEASEL (dilation),MoteStrain,0.9600638977635783
WEASEL (dilation),NonInvasiveFetalECGThorax1,0.9272264631043257
WEASEL (dilation),NonInvasiveFetalECGThorax2,0.95470737913486
WEASEL (dilation),OliveOil,0.9666666666666667
WEASEL (dilation),OSULeaf,0.9669421487603306
WEASEL (dilation),PhalangesOutlinesCorrect,0.8368298368298368
WEASEL (dilation),Phoneme,0.34862869198312235
WEASEL (dilation),PickupGestureWiimoteZ,0.78
WEASEL (dilation),PigAirwayPressure,0.9375
WEASEL (dilation),PigArtPressure,0.9855769230769231
WEASEL (dilation),PigCVP,0.9663461538461539
WEASEL (dilation),Plane,1.0
WEASEL (dilation),PowerCons,0.9277777777777778
WEASEL (dilation),ProximalPhalanxOutlineAgeGroup,0.8585365853658536
WEASEL (dilation),ProximalPhalanxOutlineCorrect,0.8969072164948454
WEASEL (dilation),ProximalPhalanxTW,0.8097560975609757
WEASEL (dilation),RefrigerationDevices,0.5546666666666666
WEASEL (dilation),Rock,0.9
WEASEL (dilation),ScreenType,0.48
WEASEL (dilation),SemgHandGenderCh2,0.9383333333333334
WEASEL (dilation),SemgHandMovementCh2,0.6377777777777778
WEASEL (dilation),SemgHandSubjectCh2,0.8955555555555555
WEASEL (dilation),ShakeGestureWiimoteZ,0.88
WEASEL (dilation),ShapeletSim,1.0
WEASEL (dilation),ShapesAll,0.935
WEASEL (dilation),SmallKitchenAppliances,0.7786666666666666
WEASEL (dilation),SmoothSubspace,0.9733333333333334
WEASEL (dilation),SonyAIBORobotSurface1,0.9384359400998337
WEASEL (dilation),SonyAIBORobotSurface2,0.9527806925498427
WEASEL (dilation),StarLightCurves,0.9832442933462846
WEASEL (dilation),Strawberry,0.981081081081081
WEASEL (dilation),SwedishLeaf,0.9776
WEASEL (dilation),Symbols,0.9839195979899498
WEASEL (dilation),SyntheticControl,0.9966666666666667
WEASEL (dilation),ToeSegmentation1,0.9692982456140351
WEASEL (dilation),ToeSegmentation2,0.9384615384615385
WEASEL (dilation),Trace,1.0
WEASEL (dilation),TwoLeadECG,0.9991220368744512
WEASEL (dilation),TwoPatterns,0.9975
WEASEL (dilation),UMD,0.9861111111111112
WEASEL (dilation),UWaveGestureLibraryAll,0.9592406476828588
WEASEL (dilation),UWaveGestureLibraryX,0.844500279173646
WEASEL (dilation),UWaveGestureLibraryY,0.7674483528754885
WEASEL (dilation),Wafer,0.9995133030499675
WEASEL (dilation),Wine,0.9074074074074074
WEASEL (dilation),WordSynonyms,0.7351097178683386
WEASEL (dilation),Worms,0.7142857142857143
WEASEL (dilation),WormsTwoClass,0.8051948051948052
WEASEL (dilation),Yoga,0.9263333333333333